{"type":"FeatureCollection","features":[{"type":"Feature","properties":{"nombre":"Usaquén","codigo":"01","tono":1,"etiqueta":[4.72493,-74.02939],"zoomEtiqueta":10},"geometry":{"type":"Polygon","coordinates":[[[-74.01116,4.66459],[-74.0108,4.66452],[-74.0104,4.66401],[-74.01002,4.66369],[-74.00981,4.66367],[-74.0095,4.66382],[-74.00878,4.6638],[-74.00846,4.66416],[-74.00824,4.66425],[-74.00794,4.66488],[-74.00715,4.66564],[-74.00684,4.6661],[-74.00675,4.66724],[-74.00653,4.66777],[-74.00578,4.66874],[-74.00475,4.66966],[-74.00454,4.67014],[-74.00376,4.67092],[-74.00312,4.67185],[-74.00303,4.67301],[-74.00244,4.67413],[-74.00201,4.67461],[-74.00199,4.67527],[-74.00221,4.67583],[-74.00268,4.67615],[-74.00272,4.67679],[-74.0033,4.67747],[-74.00329,4.67795],[-74.00343,4.67822],[-74.00348,4.67877],[-74.00362,4.67901],[-74.00364,4.67951],[-74.00501,4.67984],[-74.00525,4.68016],[-74.0056,4.68029],[-74.0062,4.6809],[-74.00686,4.68098],[-74.00797,4.68162],[-74.00839,4.6817],[-74.00895,4.68203],[-74.00946,4.68218],[-74.01072,4.68307],[-74.01117,4.6833],[-74.01106,4.68351],[-74.01102,4.68469],[-74.01139,4.6851],[-74.01165,4.68526],[-74.01188,4.68569],[-74.01191,4.68599],[-74.01158,4.68639],[-74.01147,4.68697],[-74.01124,4.68713],[-74.01133,4.68779],[-74.01135,4.68891],[-74.01188,4.68988],[-74.01199,4.69105],[-74.01252,4.6917],[-74.01213,4.69186],[-74.01193,4.6922],[-74.0119,4.69244],[-74.01138,4.69304],[-74.01135,4.69394],[-74.01191,4.69408],[-74.01247,4.69464],[-74.01283,4.69482],[-74.01349,4.69493],[-74.01357,4.69518],[-74.0139,4.69553],[-74.01437,4.69572],[-74.01444,4.69646],[-74.01458,4.69661],[-74.01461,4.69698],[-74.01476,4.69708],[-74.01483,4.69725],[-74.01476,4.6973],[-74.0146,4.69718],[-74.01408,4.69722],[-74.01403,4.69785],[-74.01392,4.69794],[-74.01384,4.6987],[-74.01351,4.69895],[-74.01346,4.69917],[-74.01314,4.69956],[-74.01309,4.70008],[-74.01316,4.70044],[-74.01284,4.7006],[-74.01269,4.70104],[-74.01271,4.70115],[-74.01295,4.70123],[-74.01314,4.70155],[-74.01325,4.70212],[-74.01317,4.70221],[-74.01297,4.70223],[-74.01274,4.70248],[-74.01236,4.70311],[-74.01196,4.70458],[-74.01165,4.70848],[-74.01138,4.70977],[-74.01099,4.71037],[-74.01076,4.71049],[-74.01051,4.7108],[-74.01067,4.71223],[-74.01076,4.71255],[-74.01,4.71334],[-74.00988,4.71395],[-74.00995,4.71473],[-74.00955,4.71526],[-74.00951,4.71565],[-74.00911,4.71585],[-74.00884,4.71582],[-74.00845,4.71595],[-74.00767,4.71641],[-74.00706,4.71633],[-74.00694,4.7164],[-74.00691,4.71653],[-74.00691,4.71667],[-74.00743,4.71722],[-74.00759,4.71736],[-74.00793,4.71745],[-74.00845,4.71784],[-74.00917,4.71865],[-74.00902,4.71873],[-74.00872,4.71958],[-74.00843,4.72003],[-74.00841,4.72095],[-74.00817,4.72222],[-74.00831,4.72332],[-74.00827,4.72415],[-74.00817,4.72458],[-74.00734,4.72572],[-74.00711,4.72616],[-74.00674,4.72694],[-74.0067,4.72738],[-74.00686,4.72789],[-74.00801,4.73032],[-74.00801,4.73069],[-74.00743,4.73137],[-74.00742,4.73147],[-74.00754,4.73166],[-74.0083,4.73231],[-74.00843,4.73257],[-74.00829,4.73369],[-74.00829,4.73578],[-74.0082,4.73597],[-74.00796,4.73613],[-74.00793,4.73766],[-74.00782,4.73804],[-74.00753,4.73853],[-74.00733,4.73921],[-74.00776,4.73964],[-74.00772,4.74005],[-74.00809,4.74043],[-74.00811,4.74071],[-74.00787,4.74152],[-74.00722,4.74205],[-74.00717,4.74234],[-74.00726,4.74288],[-74.00739,4.74315],[-74.00785,4.74371],[-74.00792,4.74437],[-74.00827,4.74483],[-74.0083,4.74529],[-74.00844,4.74557],[-74.00854,4.74614],[-74.00848,4.74695],[-74.00943,4.74762],[-74.00975,4.74804],[-74.00974,4.74818],[-74.00959,4.74837],[-74.00951,4.74894],[-74.0095,4.74929],[-74.00965,4.74956],[-74.0097,4.74984],[-74.00923,4.75085],[-74.00953,4.7513],[-74.00945,4.75186],[-74.00912,4.75221],[-74.00879,4.7533],[-74.00893,4.75495],[-74.00922,4.75554],[-74.01002,4.75587],[-74.01035,4.75623],[-74.01051,4.75672],[-74.01225,4.75825],[-74.01207,4.75885],[-74.01224,4.75897],[-74.01239,4.7589],[-74.01249,4.75864],[-74.01292,4.75907],[-74.01296,4.75918],[-74.01285,4.7593],[-74.01275,4.75965],[-74.01286,4.75972],[-74.01316,4.75957],[-74.01369,4.75946],[-74.01406,4.75962],[-74.01458,4.75957],[-74.0149,4.75967],[-74.01534,4.76008],[-74.01562,4.76011],[-74.01596,4.76036],[-74.01609,4.76066],[-74.01613,4.76108],[-74.01593,4.76186],[-74.01603,4.76319],[-74.01623,4.76349],[-74.01657,4.76379],[-74.01693,4.76393],[-74.01711,4.76451],[-74.01716,4.76591],[-74.01815,4.76707],[-74.01835,4.76766],[-74.01838,4.7681],[-74.01805,4.76927],[-74.01767,4.7695],[-74.01738,4.77006],[-74.01744,4.77046],[-74.0176,4.77071],[-74.01744,4.77153],[-74.0165,4.7727],[-74.0166,4.77411],[-74.0165,4.77429],[-74.01624,4.77444],[-74.01601,4.77485],[-74.01589,4.77571],[-74.01572,4.77604],[-74.01597,4.7765],[-74.016,4.77681],[-74.01598,4.78296],[-74.01609,4.7839],[-74.01634,4.78443],[-74.01639,4.78523],[-74.01653,4.78563],[-74.01656,4.78646],[-74.01643,4.78679],[-74.01634,4.78747],[-74.01602,4.78787],[-74.01599,4.78935],[-74.01576,4.79092],[-74.01551,4.79152],[-74.01541,4.79219],[-74.0151,4.79294],[-74.01506,4.79328],[-74.0148,4.79341],[-74.01471,4.79357],[-74.01474,4.7941],[-74.01418,4.79487],[-74.01439,4.79515],[-74.01424,4.79519],[-74.01412,4.79539],[-74.01398,4.79594],[-74.01343,4.79642],[-74.01325,4.79748],[-74.01279,4.7979],[-74.01194,4.79772],[-74.01094,4.7977],[-74.01002,4.79758],[-74.0092,4.79763],[-74.0086,4.79757],[-74.00799,4.79792],[-74.0075,4.79795],[-74.0072,4.79807],[-74.00633,4.79783],[-74.00618,4.79768],[-74.00607,4.79736],[-74.00599,4.79783],[-74.0057,4.79832],[-74.00507,4.79907],[-74.00504,4.79962],[-74.0044,4.79989],[-74.00338,4.80071],[-74.00292,4.80098],[-74.00283,4.8013],[-74.00252,4.80169],[-74.00219,4.80174],[-74.00189,4.8024],[-74.00129,4.80247],[-74.00114,4.80323],[-74.00128,4.80426],[-74.00043,4.80539],[-74.00041,4.80557],[-74.00071,4.80587],[-74.00073,4.80633],[-74.00086,4.80641],[-74.00104,4.80674],[-74.00151,4.80694],[-74.00173,4.80731],[-74.00212,4.80735],[-74.00261,4.80763],[-74.00282,4.80785],[-74.00309,4.80837],[-74.00331,4.80852],[-74.00358,4.80907],[-74.00443,4.80991],[-74.00496,4.81026],[-74.00507,4.81257],[-74.00445,4.81355],[-74.00468,4.81416],[-74.00435,4.81472],[-74.00423,4.81518],[-74.00389,4.81579],[-74.00407,4.81622],[-74.00389,4.81692],[-74.00395,4.81718],[-74.00429,4.8177],[-74.00424,4.81789],[-74.00371,4.81834],[-74.00358,4.81856],[-74.00408,4.81889],[-74.0043,4.81951],[-74.00472,4.81989],[-74.00491,4.82064],[-74.00513,4.82111],[-74.0056,4.82169],[-74.00782,4.82182],[-74.00902,4.82172],[-74.01034,4.82145],[-74.01127,4.82139],[-74.01209,4.82147],[-74.01261,4.82169],[-74.0136,4.82138],[-74.01424,4.82153],[-74.01554,4.82118],[-74.01596,4.82113],[-74.01664,4.82119],[-74.01768,4.82165],[-74.01881,4.82186],[-74.01975,4.82223],[-74.02085,4.82236],[-74.0215,4.82268],[-74.02226,4.82256],[-74.02265,4.8222],[-74.02328,4.82188],[-74.02409,4.82193],[-74.02463,4.82209],[-74.02514,4.82236],[-74.02528,4.82284],[-74.0257,4.82312],[-74.02675,4.823],[-74.02928,4.82326],[-74.02982,4.82316],[-74.03055,4.82384],[-74.03108,4.82411],[-74.0336,4.82584],[-74.03376,4.82537],[-74.0345,4.82547],[-74.03501,4.82314],[-74.03508,4.8205],[-74.04214,4.77702],[-74.04673,4.75105],[-74.04684,4.74882],[-74.05725,4.68684],[-74.05002,4.68548],[-74.04836,4.68498],[-74.04331,4.68261],[-74.03826,4.67997],[-74.03332,4.67777],[-74.03144,4.67733],[-74.0311,4.67692],[-74.0309,4.67588],[-74.03073,4.67567],[-74.03051,4.67558],[-74.02963,4.67545],[-74.02809,4.67547],[-74.02738,4.67583],[-74.02703,4.67588],[-74.02621,4.67564],[-74.02482,4.6755],[-74.02394,4.67584],[-74.02373,4.67576],[-74.02324,4.67519],[-74.02293,4.675],[-74.02222,4.67494],[-74.02194,4.67504],[-74.02161,4.67501],[-74.02089,4.67417],[-74.02058,4.67402],[-74.02025,4.67393],[-74.0196,4.67402],[-74.01897,4.67385],[-74.01856,4.67334],[-74.01834,4.67276],[-74.01752,4.6726],[-74.01708,4.67219],[-74.01639,4.67077],[-74.01623,4.67061],[-74.01411,4.66988],[-74.01357,4.66945],[-74.01309,4.66864],[-74.01308,4.66828],[-74.01321,4.66802],[-74.0142,4.66731],[-74.01447,4.66704],[-74.01454,4.66659],[-74.01446,4.66642],[-74.01373,4.66624],[-74.01272,4.66644],[-74.01213,4.66623],[-74.01182,4.66594],[-74.01116,4.66459]]]}},{"type":"Feature","properties":{"nombre":"Chapinero","codigo":"02","tono":2,"etiqueta":[4.66325,-74.04364],"zoomEtiqueta":10},"geometry":{"type":"Polygon","coordinates":[[[-74.01116,4.66459],[-74.01182,4.66594],[-74.01213,4.66623],[-74.01272,4.66644],[-74.01373,4.66624],[-74.01446,4.66642],[-74.01454,4.66659],[-74.01447,4.66704],[-74.0142,4.66731],[-74.01321,4.66802],[-74.01308,4.66828],[-74.01309,4.66864],[-74.01357,4.66945],[-74.01411,4.66988],[-74.01623,4.67061],[-74.01639,4.67077],[-74.01708,4.67219],[-74.01752,4.6726],[-74.01834,4.67276],[-74.01856,4.67334],[-74.01897,4.67385],[-74.0196,4.67402],[-74.02025,4.67393],[-74.02058,4.67402],[-74.02089,4.67417],[-74.02161,4.67501],[-74.02194,4.67504],[-74.02222,4.67494],[-74.02293,4.675],[-74.02324,4.67519],[-74.02373,4.67576],[-74.02394,4.67584],[-74.02482,4.6755],[-74.02621,4.67564],[-74.02703,4.67588],[-74.02738,4.67583],[-74.02809,4.67547],[-74.02963,4.67545],[-74.03051,4.67558],[-74.03073,4.67567],[-74.0309,4.67588],[-74.0311,4.67692],[-74.03144,4.67733],[-74.03332,4.67777],[-74.03826,4.67997],[-74.04331,4.68261],[-74.04836,4.68498],[-74.05002,4.68548],[-74.05725,4.68684],[-74.06251,4.65573],[-74.06285,4.65507],[-74.06347,4.65424],[-74.06413,4.65239],[-74.06619,4.64146],[-74.06841,4.6288],[-74.06807,4.62847],[-74.06794,4.62817],[-74.06758,4.62802],[-74.06745,4.62735],[-74.06704,4.62722],[-74.06666,4.62688],[-74.06559,4.62536],[-74.06517,4.62506],[-74.0644,4.62498],[-74.06297,4.62529],[-74.06242,4.62533],[-74.06218,4.62525],[-74.06169,4.62489],[-74.06096,4.62462],[-74.06058,4.62438],[-74.05963,4.6241],[-74.0587,4.62397],[-74.05725,4.62404],[-74.05669,4.62393],[-74.05634,4.62347],[-74.05533,4.62275],[-74.05232,4.62219],[-74.05143,4.62214],[-74.05039,4.62195],[-74.04938,4.62162],[-74.04917,4.62121],[-74.0492,4.62076],[-74.04905,4.62029],[-74.0489,4.61927],[-74.04833,4.61798],[-74.04803,4.61756],[-74.04788,4.6168],[-74.04749,4.61619],[-74.04732,4.61599],[-74.04664,4.61574],[-74.04597,4.6152],[-74.04572,4.61479],[-74.04567,4.61455],[-74.04572,4.61415],[-74.04559,4.61391],[-74.0451,4.61352],[-74.04435,4.61314],[-74.04358,4.61257],[-74.04332,4.61252],[-74.04277,4.6126],[-74.04222,4.6125],[-74.04181,4.61273],[-74.04133,4.6126],[-74.04078,4.61257],[-74.04031,4.61272],[-74.03973,4.61304],[-74.03955,4.61319],[-74.03926,4.61382],[-74.03813,4.61502],[-74.03748,4.61562],[-74.03674,4.61609],[-74.03587,4.61754],[-74.03533,4.61702],[-74.03529,4.61679],[-74.03512,4.61664],[-74.03489,4.6166],[-74.03328,4.61733],[-74.03259,4.61723],[-74.03215,4.61735],[-74.03197,4.61721],[-74.03154,4.61712],[-74.03194,4.6166],[-74.03207,4.61613],[-74.03224,4.61594],[-74.03238,4.61552],[-74.03149,4.61653],[-74.03075,4.61689],[-74.02959,4.61707],[-74.02908,4.61725],[-74.02809,4.6179],[-74.02764,4.61756],[-74.02609,4.61677],[-74.0253,4.61625],[-74.02467,4.61532],[-74.02391,4.61461],[-74.02309,4.61432],[-74.02239,4.61389],[-74.02165,4.6138],[-74.02102,4.61395],[-74.0196,4.61406],[-74.01848,4.61425],[-74.01787,4.61447],[-74.01728,4.61493],[-74.01652,4.61536],[-74.01591,4.61593],[-74.01494,4.61766],[-74.01448,4.61814],[-74.01392,4.61853],[-74.0132,4.61864],[-74.012,4.61825],[-74.01142,4.61782],[-74.0112,4.6174],[-74.01092,4.61712],[-74.00984,4.61689],[-74.00851,4.61586],[-74.00782,4.61561],[-74.00756,4.61559],[-74.00709,4.61572],[-74.00613,4.61573],[-74.00512,4.61627],[-74.00455,4.61645],[-74.00367,4.61652],[-74.00235,4.61606],[-74.0018,4.61572],[-74.00032,4.61559],[-74.00006,4.6155],[-73.99993,4.61535],[-73.99748,4.61485],[-73.99626,4.61479],[-73.99499,4.61436],[-73.99446,4.61425],[-73.99348,4.61505],[-73.99245,4.61615],[-73.99209,4.61626],[-73.99121,4.61791],[-73.99217,4.62072],[-73.99195,4.62148],[-73.99151,4.62257],[-73.99106,4.62314],[-73.98944,4.62483],[-73.9878,4.62633],[-73.98738,4.62679],[-73.98696,4.62749],[-73.98657,4.62879],[-73.98653,4.62933],[-73.98663,4.62991],[-73.98698,4.63053],[-73.98716,4.63051],[-73.98801,4.62991],[-73.98847,4.62982],[-73.99096,4.63004],[-73.99213,4.63002],[-73.99254,4.63015],[-73.99301,4.63005],[-73.99331,4.62982],[-73.99357,4.62944],[-73.99429,4.62906],[-73.99626,4.62878],[-73.998,4.62807],[-73.99836,4.62774],[-73.99854,4.6274],[-73.99886,4.62707],[-73.99938,4.62691],[-74.00009,4.62702],[-74.00156,4.62704],[-74.00254,4.62717],[-74.00369,4.6271],[-74.00503,4.62649],[-74.00539,4.62639],[-74.00546,4.62607],[-74.00622,4.62567],[-74.00693,4.62551],[-74.00727,4.62553],[-74.0079,4.62594],[-74.00892,4.62609],[-74.00945,4.62629],[-74.00981,4.62671],[-74.00968,4.6275],[-74.00951,4.62764],[-74.00939,4.62764],[-74.00915,4.62799],[-74.00935,4.62834],[-74.00956,4.62851],[-74.0097,4.62913],[-74.00953,4.6293],[-74.00934,4.62985],[-74.00951,4.63022],[-74.01018,4.63027],[-74.01044,4.63043],[-74.01045,4.63085],[-74.01017,4.63117],[-74.01011,4.63148],[-74.0102,4.63177],[-74.01037,4.63195],[-74.01057,4.6324],[-74.01051,4.63335],[-74.01035,4.63421],[-74.00985,4.63526],[-74.00977,4.63651],[-74.0094,4.63808],[-74.00934,4.63881],[-74.01031,4.63889],[-74.0112,4.63863],[-74.01162,4.63887],[-74.01191,4.63929],[-74.01213,4.63946],[-74.01288,4.63955],[-74.01312,4.63941],[-74.01366,4.63937],[-74.01399,4.63946],[-74.0141,4.63941],[-74.01535,4.63954],[-74.01696,4.64037],[-74.01768,4.64106],[-74.01816,4.64114],[-74.01881,4.64094],[-74.0194,4.64115],[-74.01987,4.64145],[-74.02084,4.64187],[-74.02123,4.64219],[-74.02194,4.64245],[-74.02263,4.64259],[-74.02442,4.64243],[-74.02574,4.64266],[-74.02732,4.64271],[-74.02872,4.64302],[-74.0302,4.64376],[-74.03118,4.64453],[-74.0315,4.64497],[-74.03151,4.64547],[-74.03132,4.64594],[-74.03102,4.64639],[-74.02992,4.64705],[-74.02925,4.64706],[-74.02894,4.64722],[-74.0288,4.64744],[-74.02877,4.64793],[-74.02853,4.64822],[-74.02841,4.6493],[-74.02851,4.65025],[-74.02846,4.65217],[-74.02886,4.65257],[-74.02937,4.65273],[-74.02939,4.6529],[-74.02887,4.65379],[-74.02881,4.65427],[-74.02865,4.65451],[-74.02795,4.65496],[-74.02771,4.65527],[-74.02747,4.65536],[-74.02719,4.65587],[-74.02684,4.65596],[-74.02648,4.65625],[-74.02594,4.65639],[-74.02574,4.65654],[-74.02559,4.65678],[-74.02578,4.65895],[-74.02603,4.66021],[-74.02544,4.66127],[-74.02534,4.6617],[-74.02495,4.66197],[-74.02491,4.66234],[-74.02526,4.6626],[-74.02531,4.66312],[-74.02391,4.66298],[-74.02293,4.66301],[-74.02177,4.66293],[-74.02103,4.66275],[-74.02047,4.66276],[-74.01907,4.66225],[-74.01852,4.66191],[-74.01716,4.66195],[-74.01682,4.66201],[-74.01646,4.66226],[-74.01624,4.66246],[-74.01602,4.66291],[-74.01582,4.66313],[-74.0154,4.66319],[-74.01497,4.6634],[-74.01382,4.66411],[-74.01322,4.66423],[-74.01278,4.66405],[-74.01229,4.66418],[-74.01163,4.6646],[-74.01116,4.66459]]]}},{"type":"Feature","properties":{"nombre":"Santa Fe","codigo":"03","tono":1,"etiqueta":[4.59241,-74.02514],"zoomEtiqueta":10},"geometry":{"type":"Polygon","coordinates":[[[-73.99446,4.61425],[-73.99499,4.61436],[-73.99626,4.61479],[-73.99748,4.61485],[-73.99993,4.61535],[-74.00006,4.6155],[-74.00032,4.61559],[-74.0018,4.61572],[-74.00235,4.61606],[-74.00367,4.61652],[-74.00455,4.61645],[-74.00512,4.61627],[-74.00613,4.61573],[-74.00709,4.61572],[-74.00756,4.61559],[-74.00782,4.61561],[-74.00851,4.61586],[-74.00984,4.61689],[-74.01092,4.61712],[-74.0112,4.6174],[-74.01142,4.61782],[-74.012,4.61825],[-74.0132,4.61864],[-74.01392,4.61853],[-74.01448,4.61814],[-74.01494,4.61766],[-74.01591,4.61593],[-74.01652,4.61536],[-74.01728,4.61493],[-74.01787,4.61447],[-74.01848,4.61425],[-74.0196,4.61406],[-74.02102,4.61395],[-74.02165,4.6138],[-74.02239,4.61389],[-74.02309,4.61432],[-74.02391,4.61461],[-74.02467,4.61532],[-74.0253,4.61625],[-74.02609,4.61677],[-74.02764,4.61756],[-74.02809,4.6179],[-74.02908,4.61725],[-74.02959,4.61707],[-74.03075,4.61689],[-74.03149,4.61653],[-74.03238,4.61552],[-74.03224,4.61594],[-74.03207,4.61613],[-74.03194,4.6166],[-74.03154,4.61712],[-74.03197,4.61721],[-74.03215,4.61735],[-74.03259,4.61723],[-74.03328,4.61733],[-74.03489,4.6166],[-74.03512,4.61664],[-74.03529,4.61679],[-74.03533,4.61702],[-74.03587,4.61754],[-74.03674,4.61609],[-74.03748,4.61562],[-74.03813,4.61502],[-74.03926,4.61382],[-74.03955,4.61319],[-74.03973,4.61304],[-74.04031,4.61272],[-74.04078,4.61257],[-74.04133,4.6126],[-74.04181,4.61273],[-74.04222,4.6125],[-74.04277,4.6126],[-74.04332,4.61252],[-74.04358,4.61257],[-74.04435,4.61314],[-74.0451,4.61352],[-74.04559,4.61391],[-74.04572,4.61415],[-74.04567,4.61455],[-74.04572,4.61479],[-74.04597,4.6152],[-74.04664,4.61574],[-74.04732,4.61599],[-74.04749,4.61619],[-74.04788,4.6168],[-74.04803,4.61756],[-74.04833,4.61798],[-74.0489,4.61927],[-74.04905,4.62029],[-74.0492,4.62076],[-74.04917,4.62121],[-74.04938,4.62162],[-74.05039,4.62195],[-74.05143,4.62214],[-74.05232,4.62219],[-74.05533,4.62275],[-74.05634,4.62347],[-74.05669,4.62393],[-74.05725,4.62404],[-74.0587,4.62397],[-74.05963,4.6241],[-74.06058,4.62438],[-74.06096,4.62462],[-74.06169,4.62489],[-74.06218,4.62525],[-74.06242,4.62533],[-74.06297,4.62529],[-74.0644,4.62498],[-74.06517,4.62506],[-74.06559,4.62536],[-74.06666,4.62688],[-74.06704,4.62722],[-74.06745,4.62735],[-74.06758,4.62802],[-74.06794,4.62817],[-74.06807,4.62847],[-74.06841,4.6288],[-74.06953,4.62244],[-74.06989,4.62108],[-74.07283,4.61542],[-74.07414,4.6127],[-74.07593,4.60934],[-74.07687,4.60784],[-74.08111,4.60204],[-74.08319,4.59896],[-74.08532,4.59624],[-74.089,4.59182],[-74.08376,4.58855],[-74.08338,4.58799],[-74.08291,4.58747],[-74.08079,4.58582],[-74.07891,4.58251],[-74.07836,4.5812],[-74.07795,4.58083],[-74.07779,4.58092],[-74.0776,4.58086],[-74.0778,4.58038],[-74.07721,4.5795],[-74.07667,4.57921],[-74.07612,4.57908],[-74.07543,4.57864],[-74.07544,4.57805],[-74.07558,4.57764],[-74.07551,4.5773],[-74.07473,4.5766],[-74.07403,4.57627],[-74.07395,4.57644],[-74.07373,4.57652],[-74.07336,4.5771],[-74.07289,4.57756],[-74.0728,4.5768],[-74.07234,4.57757],[-74.07213,4.57774],[-74.07196,4.57763],[-74.07177,4.57687],[-74.07158,4.57654],[-74.07137,4.57649],[-74.07121,4.57661],[-74.0709,4.57699],[-74.07056,4.57772],[-74.07046,4.57776],[-74.07019,4.57707],[-74.07,4.57697],[-74.06922,4.57841],[-74.06941,4.57889],[-74.06942,4.57939],[-74.06829,4.58089],[-74.06746,4.5808],[-74.06693,4.58129],[-74.06702,4.5823],[-74.06715,4.58232],[-74.0672,4.58217],[-74.06731,4.58211],[-74.06756,4.58222],[-74.06731,4.58219],[-74.06723,4.58225],[-74.06719,4.5826],[-74.06647,4.58262],[-74.06636,4.58282],[-74.06638,4.58351],[-74.06621,4.5836],[-74.06586,4.58343],[-74.06563,4.58347],[-74.06544,4.58308],[-74.06534,4.58255],[-74.06495,4.58223],[-74.06478,4.5823],[-74.0644,4.58219],[-74.06364,4.58224],[-74.06342,4.58211],[-74.06325,4.58184],[-74.06274,4.58139],[-74.06245,4.58139],[-74.06225,4.58078],[-74.06204,4.58049],[-74.0614,4.5801],[-74.06121,4.57965],[-74.06071,4.57928],[-74.05992,4.57888],[-74.05904,4.57858],[-74.05763,4.57828],[-74.05689,4.57821],[-74.05639,4.57801],[-74.05609,4.57779],[-74.05557,4.57714],[-74.05391,4.57574],[-74.05353,4.57563],[-74.05314,4.57561],[-74.05275,4.57525],[-74.05222,4.57512],[-74.05184,4.57488],[-74.05139,4.57481],[-74.05062,4.57448],[-74.04984,4.57434],[-74.04895,4.57354],[-74.04812,4.57333],[-74.0465,4.57346],[-74.04588,4.57323],[-74.04536,4.57293],[-74.04514,4.57266],[-74.04431,4.57205],[-74.04363,4.57193],[-74.04282,4.57208],[-74.04255,4.57191],[-74.04232,4.57193],[-74.04162,4.57232],[-74.04149,4.57216],[-74.0411,4.57205],[-74.04093,4.57167],[-74.04079,4.57164],[-74.04025,4.57191],[-74.04003,4.57194],[-74.03979,4.57234],[-74.03946,4.57241],[-74.03914,4.57235],[-74.03896,4.57242],[-74.0388,4.57239],[-74.03839,4.5717],[-74.03807,4.57163],[-74.03772,4.57203],[-74.03737,4.57195],[-74.03695,4.57225],[-74.03652,4.57149],[-74.03633,4.57125],[-74.03614,4.57116],[-74.0358,4.5712],[-74.03558,4.57135],[-74.03501,4.5719],[-74.0349,4.57224],[-74.03457,4.57255],[-74.03418,4.57264],[-74.0337,4.57247],[-74.03248,4.57132],[-74.03176,4.57084],[-74.03167,4.57064],[-74.03167,4.56987],[-74.03182,4.56956],[-74.03188,4.56907],[-74.03252,4.56766],[-74.03249,4.56746],[-74.03212,4.56681],[-74.03147,4.56599],[-74.03144,4.56521],[-74.03113,4.56442],[-74.03109,4.56356],[-74.03101,4.56335],[-74.03078,4.56311],[-74.03059,4.56306],[-74.02978,4.56252],[-74.02932,4.56204],[-74.02921,4.5616],[-74.02913,4.56078],[-74.02918,4.5607],[-74.02907,4.56025],[-74.02907,4.55916],[-74.02892,4.55857],[-74.029,4.5583],[-74.02876,4.55837],[-74.02767,4.5583],[-74.02593,4.55713],[-74.02457,4.55601],[-74.024,4.55575],[-74.02348,4.55566],[-74.0231,4.55576],[-74.02237,4.55616],[-74.0222,4.5565],[-74.02182,4.55789],[-74.021,4.55926],[-74.01948,4.55997],[-74.0181,4.56033],[-74.01432,4.56033],[-74.01145,4.56004],[-74.01023,4.55967],[-74.00837,4.55926],[-74.00685,4.55931],[-74.00662,4.55945],[-74.00655,4.55962],[-74.00671,4.56199],[-74.00664,4.56292],[-74.00671,4.56369],[-74.00667,4.56438],[-74.00684,4.56549],[-74.00662,4.56582],[-74.00617,4.56618],[-74.00582,4.56663],[-74.00545,4.5678],[-74.00529,4.56934],[-74.00484,4.57223],[-74.00445,4.57378],[-74.00442,4.57479],[-74.00451,4.57534],[-74.00497,4.57634],[-74.0057,4.5771],[-74.00596,4.5776],[-74.00609,4.57818],[-74.00609,4.57862],[-74.00576,4.57942],[-74.00478,4.58031],[-74.00459,4.58086],[-74.00447,4.58147],[-74.00443,4.5826],[-74.00456,4.58349],[-74.00447,4.58386],[-74.00451,4.58507],[-74.00419,4.58542],[-74.00404,4.58576],[-74.0038,4.58655],[-74.00374,4.58712],[-74.00329,4.58747],[-74.0023,4.58858],[-74.00169,4.58887],[-74.0016,4.58922],[-74.00185,4.58993],[-74.00275,4.59112],[-74.00282,4.59217],[-74.00272,4.5924],[-74.00252,4.59245],[-74.00223,4.59237],[-74.00184,4.59176],[-74.00143,4.59165],[-74.00106,4.59169],[-74.00015,4.59199],[-73.99955,4.59233],[-73.99921,4.59264],[-73.99803,4.59413],[-73.99746,4.59499],[-73.9963,4.59621],[-73.99559,4.59728],[-73.99499,4.59741],[-73.99492,4.59843],[-73.99374,4.60052],[-73.99394,4.6024],[-73.99661,4.60626],[-73.99556,4.60757],[-73.99449,4.60962],[-73.99477,4.61316],[-73.99474,4.61379],[-73.99446,4.61425]],[[-74.06754,4.60227],[-74.06725,4.60264],[-74.06689,4.60291],[-74.06546,4.60335],[-74.06471,4.60339],[-74.06405,4.60304],[-74.06352,4.60319],[-74.06231,4.60326],[-74.061,4.60274],[-74.05958,4.602],[-74.05932,4.60178],[-74.05925,4.60146],[-74.05946,4.60103],[-74.06001,4.60068],[-74.06026,4.60059],[-74.06091,4.60057],[-74.06128,4.60015],[-74.06147,4.60005],[-74.06218,4.60024],[-74.06265,4.59973],[-74.06344,4.59919],[-74.06383,4.59923],[-74.0643,4.5997],[-74.06505,4.59905],[-74.06509,4.59886],[-74.06493,4.59811],[-74.06471,4.5977],[-74.06471,4.59741],[-74.06489,4.59727],[-74.0651,4.59725],[-74.06593,4.59755],[-74.06637,4.59729],[-74.06682,4.59669],[-74.06695,4.59578],[-74.06733,4.59488],[-74.06762,4.59455],[-74.06808,4.59366],[-74.06829,4.59358],[-74.06817,4.59293],[-74.068,4.5927],[-74.06807,4.59236],[-74.06784,4.59239],[-74.06781,4.5923],[-74.06793,4.59207],[-74.06813,4.59203],[-74.0682,4.59193],[-74.06818,4.59144],[-74.06828,4.59101],[-74.06798,4.59082],[-74.06805,4.59066],[-74.06823,4.59074],[-74.06831,4.59062],[-74.06833,4.59052],[-74.06808,4.59047],[-74.06832,4.58994],[-74.06844,4.58987],[-74.06861,4.59013],[-74.06879,4.59017],[-74.06905,4.59059],[-74.07014,4.59099],[-74.07058,4.59146],[-74.07101,4.59074],[-74.0713,4.58995],[-74.07228,4.58911],[-74.07252,4.589],[-74.07278,4.58899],[-74.07342,4.58932],[-74.07386,4.58977],[-74.07413,4.5899],[-74.07458,4.58998],[-74.07536,4.58979],[-74.07569,4.5898],[-74.07806,4.59113],[-74.0784,4.59115],[-74.07906,4.59097],[-74.07942,4.591],[-74.08001,4.59122],[-74.08063,4.59169],[-74.08093,4.59241],[-74.08144,4.59459],[-74.07846,4.59946],[-74.07701,4.60174],[-74.0767,4.60211],[-74.07549,4.60226],[-74.07482,4.60223],[-74.07263,4.60095],[-74.07111,4.60061],[-74.07022,4.6008],[-74.06952,4.60077],[-74.06875,4.60104],[-74.06797,4.60153],[-74.06754,4.60227]]]}},{"type":"Feature","properties":{"nombre":"San Cristóbal","codigo":"04","tono":2,"etiqueta":[4.55322,-74.06367],"zoomEtiqueta":10},"geometry":{"type":"Polygon","coordinates":[[[-74.029,4.5583],[-74.02892,4.55857],[-74.02907,4.55916],[-74.02907,4.56025],[-74.02918,4.5607],[-74.02913,4.56078],[-74.02921,4.5616],[-74.02932,4.56204],[-74.02978,4.56252],[-74.03059,4.56306],[-74.03078,4.56311],[-74.03101,4.56335],[-74.03109,4.56356],[-74.03113,4.56442],[-74.03144,4.56521],[-74.03147,4.56599],[-74.03212,4.56681],[-74.03249,4.56746],[-74.03252,4.56766],[-74.03188,4.56907],[-74.03182,4.56956],[-74.03167,4.56987],[-74.03167,4.57064],[-74.03176,4.57084],[-74.03248,4.57132],[-74.0337,4.57247],[-74.03418,4.57264],[-74.03457,4.57255],[-74.0349,4.57224],[-74.03501,4.5719],[-74.03558,4.57135],[-74.0358,4.5712],[-74.03614,4.57116],[-74.03633,4.57125],[-74.03652,4.57149],[-74.03695,4.57225],[-74.03737,4.57195],[-74.03772,4.57203],[-74.03807,4.57163],[-74.03839,4.5717],[-74.0388,4.57239],[-74.03896,4.57242],[-74.03914,4.57235],[-74.03946,4.57241],[-74.03979,4.57234],[-74.04003,4.57194],[-74.04025,4.57191],[-74.04079,4.57164],[-74.04093,4.57167],[-74.0411,4.57205],[-74.04149,4.57216],[-74.04162,4.57232],[-74.04232,4.57193],[-74.04255,4.57191],[-74.04282,4.57208],[-74.04363,4.57193],[-74.04431,4.57205],[-74.04514,4.57266],[-74.04536,4.57293],[-74.04588,4.57323],[-74.0465,4.57346],[-74.04812,4.57333],[-74.04895,4.57354],[-74.04984,4.57434],[-74.05062,4.57448],[-74.05139,4.57481],[-74.05184,4.57488],[-74.05222,4.57512],[-74.05275,4.57525],[-74.05314,4.57561],[-74.05353,4.57563],[-74.05391,4.57574],[-74.05557,4.57714],[-74.05609,4.57779],[-74.05639,4.57801],[-74.05689,4.57821],[-74.05763,4.57828],[-74.05904,4.57858],[-74.05992,4.57888],[-74.06071,4.57928],[-74.06121,4.57965],[-74.0614,4.5801],[-74.06204,4.58049],[-74.06225,4.58078],[-74.06245,4.58139],[-74.06274,4.58139],[-74.06325,4.58184],[-74.06342,4.58211],[-74.06364,4.58224],[-74.0644,4.58219],[-74.06478,4.5823],[-74.06495,4.58223],[-74.06534,4.58255],[-74.06544,4.58308],[-74.06563,4.58347],[-74.06586,4.58343],[-74.06621,4.5836],[-74.06638,4.58351],[-74.06636,4.58282],[-74.06647,4.58262],[-74.06719,4.5826],[-74.06723,4.58225],[-74.06731,4.58219],[-74.06756,4.58222],[-74.06731,4.58211],[-74.0672,4.58217],[-74.06715,4.58232],[-74.06702,4.5823],[-74.06693,4.58129],[-74.06746,4.5808],[-74.06829,4.58089],[-74.06942,4.57939],[-74.06941,4.57889],[-74.06922,4.57841],[-74.07,4.57697],[-74.07019,4.57707],[-74.07046,4.57776],[-74.07056,4.57772],[-74.0709,4.57699],[-74.07121,4.57661],[-74.07137,4.57649],[-74.07158,4.57654],[-74.07177,4.57687],[-74.07196,4.57763],[-74.07213,4.57774],[-74.07234,4.57757],[-74.0728,4.5768],[-74.07289,4.57756],[-74.07336,4.5771],[-74.07373,4.57652],[-74.07395,4.57644],[-74.07403,4.57627],[-74.07473,4.5766],[-74.07551,4.5773],[-74.07558,4.57764],[-74.07544,4.57805],[-74.07543,4.57864],[-74.07612,4.57908],[-74.07667,4.57921],[-74.07721,4.5795],[-74.0778,4.58038],[-74.0776,4.58086],[-74.07779,4.58092],[-74.07795,4.58083],[-74.07836,4.5812],[-74.07891,4.58251],[-74.08079,4.58582],[-74.08291,4.58747],[-74.08338,4.58799],[-74.08376,4.58855],[-74.08493,4.58932],[-74.09036,4.58141],[-74.09458,4.5758],[-74.1025,4.5668],[-74.10434,4.56489],[-74.10488,4.56446],[-74.10538,4.5642],[-74.10627,4.5639],[-74.1057,4.56283],[-74.10443,4.56153],[-74.10418,4.56114],[-74.1035,4.55986],[-74.10238,4.55712],[-74.10187,4.55632],[-74.10176,4.55591],[-74.10186,4.55457],[-74.10203,4.55416],[-74.10209,4.55372],[-74.1023,4.55332],[-74.10227,4.55274],[-74.10251,4.55189],[-74.10251,4.55133],[-74.10286,4.5504],[-74.10293,4.54993],[-74.10273,4.54894],[-74.10303,4.54728],[-74.10318,4.54693],[-74.10273,4.54656],[-74.10259,4.54628],[-74.1023,4.54597],[-74.10139,4.54572],[-74.10095,4.54538],[-74.10045,4.54521],[-74.10029,4.54488],[-74.09975,4.54453],[-74.09943,4.54374],[-74.0986,4.54304],[-74.09864,4.5429],[-74.09836,4.54209],[-74.09781,4.5414],[-74.09881,4.54043],[-74.09831,4.53938],[-74.09781,4.53873],[-74.09765,4.53946],[-74.097,4.53991],[-74.09679,4.5391],[-74.09632,4.53874],[-74.09598,4.53837],[-74.09578,4.538],[-74.09566,4.53732],[-74.09586,4.53697],[-74.09575,4.53685],[-74.09522,4.53533],[-74.09523,4.53429],[-74.09514,4.53405],[-74.09524,4.53376],[-74.09531,4.53295],[-74.09483,4.53082],[-74.09451,4.52993],[-74.09435,4.52892],[-74.09436,4.52804],[-74.09457,4.52789],[-74.09454,4.52734],[-74.09438,4.52686],[-74.09436,4.52543],[-74.09412,4.52456],[-74.09372,4.52446],[-74.09355,4.52426],[-74.09342,4.52338],[-74.09377,4.52257],[-74.09381,4.52134],[-74.09396,4.52046],[-74.09395,4.52008],[-74.09382,4.51959],[-74.09396,4.51912],[-74.09408,4.51777],[-74.09491,4.51727],[-74.09428,4.51728],[-74.09446,4.51695],[-74.09091,4.51705],[-74.09021,4.51694],[-74.08994,4.51713],[-74.08956,4.5171],[-74.09005,4.51754],[-74.09054,4.51818],[-74.09078,4.51867],[-74.09091,4.5194],[-74.09107,4.51968],[-74.08189,4.51782],[-74.08179,4.51823],[-74.0829,4.51854],[-74.08281,4.51875],[-74.08456,4.51923],[-74.08697,4.52004],[-74.08693,4.52014],[-74.08782,4.52065],[-74.08726,4.52092],[-74.08727,4.52109],[-74.08711,4.52134],[-74.08723,4.52194],[-74.08719,4.52222],[-74.0864,4.5227],[-74.08597,4.52312],[-74.08568,4.52313],[-74.08535,4.52294],[-74.08545,4.52348],[-74.08535,4.52383],[-74.08508,4.52391],[-74.08452,4.52443],[-74.08429,4.52444],[-74.08444,4.52495],[-74.08441,4.52531],[-74.08417,4.52551],[-74.084,4.52545],[-74.08381,4.52607],[-74.08363,4.52617],[-74.08346,4.52614],[-74.08347,4.52638],[-74.08337,4.52648],[-74.08343,4.52662],[-74.08338,4.52684],[-74.08309,4.52716],[-74.08285,4.52777],[-74.08017,4.52655],[-74.07983,4.5272],[-74.07994,4.52763],[-74.0803,4.52818],[-74.08076,4.52863],[-74.08098,4.52877],[-74.08109,4.52876],[-74.08181,4.52938],[-74.08188,4.5296],[-74.08172,4.52989],[-74.08173,4.53023],[-74.08165,4.53032],[-74.08147,4.53029],[-74.08127,4.53045],[-74.08116,4.5303],[-74.08103,4.53041],[-74.08083,4.53039],[-74.08078,4.53025],[-74.08068,4.53031],[-74.08052,4.5303],[-74.08055,4.53068],[-74.08046,4.53086],[-74.0802,4.53094],[-74.08007,4.53085],[-74.07988,4.53088],[-74.07995,4.53154],[-74.07969,4.53208],[-74.07979,4.5316],[-74.07941,4.5308],[-74.07939,4.53055],[-74.07949,4.53015],[-74.07943,4.53006],[-74.07929,4.53006],[-74.07899,4.53041],[-74.07855,4.53131],[-74.0785,4.53204],[-74.07842,4.53224],[-74.07774,4.5324],[-74.0772,4.53189],[-74.077,4.53189],[-74.0766,4.53204],[-74.07652,4.53185],[-74.07699,4.53087],[-74.07745,4.53043],[-74.0776,4.52975],[-74.07807,4.52916],[-74.07814,4.52895],[-74.07811,4.52843],[-74.07867,4.52811],[-74.07891,4.52781],[-74.07899,4.52756],[-74.0787,4.52701],[-74.07853,4.52706],[-74.07855,4.52737],[-74.0784,4.52752],[-74.07811,4.52742],[-74.07772,4.52758],[-74.07745,4.52752],[-74.07664,4.52794],[-74.07613,4.52787],[-74.07586,4.52806],[-74.07484,4.52816],[-74.0742,4.52838],[-74.07411,4.52902],[-74.07384,4.52927],[-74.07368,4.52925],[-74.07326,4.52891],[-74.07243,4.52886],[-74.07109,4.52919],[-74.07048,4.5295],[-74.07015,4.52958],[-74.06969,4.5294],[-74.06923,4.52899],[-74.06875,4.52878],[-74.06857,4.52859],[-74.06856,4.52802],[-74.06893,4.52673],[-74.0692,4.52616],[-74.0694,4.52595],[-74.06945,4.52568],[-74.06982,4.52528],[-74.07001,4.52457],[-74.07002,4.52434],[-74.0696,4.52398],[-74.06956,4.52363],[-74.06975,4.5234],[-74.07054,4.52307],[-74.07069,4.52294],[-74.0707,4.52219],[-74.0712,4.5203],[-74.07135,4.51995],[-74.07167,4.51978],[-74.07179,4.51959],[-74.07191,4.51835],[-74.07193,4.51597],[-74.07191,4.51521],[-74.07176,4.51479],[-74.07164,4.51469],[-74.07083,4.51446],[-74.07041,4.51391],[-74.07031,4.51366],[-74.07021,4.51293],[-74.07054,4.51177],[-74.0705,4.51163],[-74.07021,4.51133],[-74.0698,4.51125],[-74.06895,4.51192],[-74.06852,4.51079],[-74.06855,4.51009],[-74.06848,4.50998],[-74.06832,4.50998],[-74.06769,4.51035],[-74.06735,4.50998],[-74.06727,4.50999],[-74.0663,4.51063],[-74.06545,4.5107],[-74.06468,4.5111],[-74.06448,4.511],[-74.06425,4.51053],[-74.06413,4.51043],[-74.06368,4.51108],[-74.06353,4.51108],[-74.06328,4.51089],[-74.06303,4.51083],[-74.06288,4.51129],[-74.06233,4.5111],[-74.06205,4.51127],[-74.06163,4.51172],[-74.06145,4.51177],[-74.06088,4.51125],[-74.06034,4.51114],[-74.06001,4.51065],[-74.05811,4.50943],[-74.05699,4.50873],[-74.05609,4.50857],[-74.05597,4.50832],[-74.05369,4.5099],[-74.05299,4.51049],[-74.05067,4.51142],[-74.04957,4.51147],[-74.04848,4.51122],[-74.04681,4.51044],[-74.04574,4.51007],[-74.04375,4.51004],[-74.04325,4.51013],[-74.04249,4.51055],[-74.04227,4.51103],[-74.04221,4.51464],[-74.04196,4.51611],[-74.04165,4.51733],[-74.04147,4.51775],[-74.04062,4.51913],[-74.0403,4.52073],[-74.04035,4.52175],[-74.04024,4.5223],[-74.04008,4.52287],[-74.03957,4.52385],[-74.03907,4.52503],[-74.03875,4.52734],[-74.03807,4.52864],[-74.03731,4.53132],[-74.03656,4.53272],[-74.03614,4.53392],[-74.03592,4.53498],[-74.03564,4.53558],[-74.03503,4.53636],[-74.03234,4.53878],[-74.03189,4.53943],[-74.03147,4.54054],[-74.03138,4.54127],[-74.03142,4.54256],[-74.03148,4.5432],[-74.03165,4.54371],[-74.03163,4.54422],[-74.03131,4.54502],[-74.03092,4.54561],[-74.02981,4.54694],[-74.02943,4.54753],[-74.0288,4.55009],[-74.02856,4.55146],[-74.02868,4.55281],[-74.02916,4.55419],[-74.02983,4.55476],[-74.02975,4.55662],[-74.02979,4.55711],[-74.02976,4.55749],[-74.0296,4.55788],[-74.0293,4.55821],[-74.029,4.5583]]]}},{"type":"Feature","properties":{"nombre":"Usme","codigo":"05","tono":0,"etiqueta":[4.33789,-74.171],"zoomEtiqueta":10},"geometry":{"type":"Polygon","coordinates":[[[-74.05597,4.50832],[-74.05609,4.50857],[-74.05699,4.50873],[-74.05811,4.50943],[-74.06001,4.51065],[-74.06034,4.51114],[-74.06088,4.51125],[-74.06145,4.51177],[-74.06163,4.51172],[-74.06205,4.51127],[-74.06233,4.5111],[-74.06288,4.51129],[-74.06303,4.51083],[-74.06328,4.51089],[-74.06353,4.51108],[-74.06368,4.51108],[-74.06413,4.51043],[-74.06425,4.51053],[-74.06448,4.511],[-74.06468,4.5111],[-74.06545,4.5107],[-74.0663,4.51063],[-74.06727,4.50999],[-74.06735,4.50998],[-74.06769,4.51035],[-74.06838,4.50995],[-74.06854,4.51004],[-74.06852,4.51079],[-74.06895,4.51192],[-74.0698,4.51125],[-74.07021,4.51133],[-74.0705,4.51163],[-74.07054,4.51177],[-74.07021,4.51293],[-74.07036,4.51382],[-74.07083,4.51446],[-74.07168,4.51471],[-74.0719,4.51517],[-74.07191,4.51835],[-74.07179,4.51959],[-74.07167,4.51978],[-74.07135,4.51995],[-74.0712,4.5203],[-74.0707,4.52219],[-74.07069,4.52294],[-74.07054,4.52307],[-74.06975,4.5234],[-74.06956,4.52363],[-74.0696,4.52398],[-74.07004,4.52438],[-74.07,4.52462],[-74.0698,4.52533],[-74.06949,4.52563],[-74.0694,4.52595],[-74.0692,4.52616],[-74.06896,4.52664],[-74.06856,4.52802],[-74.0686,4.52864],[-74.06875,4.52878],[-74.06923,4.52899],[-74.06973,4.52942],[-74.0703,4.52957],[-74.07109,4.52919],[-74.07249,4.52885],[-74.07321,4.52889],[-74.07343,4.529],[-74.07368,4.52925],[-74.07389,4.52927],[-74.07411,4.52902],[-74.0742,4.52838],[-74.07484,4.52816],[-74.07586,4.52806],[-74.07613,4.52787],[-74.07664,4.52794],[-74.07745,4.52752],[-74.07772,4.52758],[-74.07811,4.52742],[-74.0784,4.52752],[-74.07855,4.52737],[-74.07853,4.52706],[-74.0787,4.52701],[-74.07899,4.52756],[-74.07891,4.52781],[-74.07867,4.52811],[-74.07811,4.52843],[-74.07814,4.52895],[-74.07807,4.52916],[-74.0776,4.52975],[-74.07745,4.53043],[-74.07699,4.53087],[-74.07651,4.5319],[-74.0766,4.53204],[-74.077,4.53189],[-74.0772,4.53189],[-74.07774,4.5324],[-74.07838,4.53227],[-74.07849,4.53209],[-74.07854,4.53137],[-74.07866,4.53106],[-74.07906,4.53028],[-74.07934,4.53004],[-74.07949,4.53015],[-74.07938,4.5306],[-74.07944,4.5309],[-74.07979,4.5316],[-74.07969,4.53208],[-74.07995,4.53154],[-74.07988,4.53088],[-74.08007,4.53085],[-74.0802,4.53094],[-74.08046,4.53086],[-74.08055,4.53068],[-74.08055,4.53028],[-74.08063,4.53032],[-74.08078,4.53025],[-74.08083,4.53039],[-74.08103,4.53041],[-74.08116,4.5303],[-74.08127,4.53045],[-74.08147,4.53029],[-74.08165,4.53032],[-74.08177,4.53005],[-74.08172,4.52989],[-74.08188,4.5296],[-74.08181,4.52938],[-74.08166,4.52925],[-74.08109,4.52876],[-74.08098,4.52877],[-74.08076,4.52863],[-74.0803,4.52818],[-74.07994,4.52763],[-74.07983,4.5272],[-74.08017,4.52655],[-74.08285,4.52777],[-74.08309,4.52716],[-74.08338,4.52684],[-74.08343,4.52662],[-74.08337,4.52648],[-74.08347,4.52638],[-74.08346,4.52614],[-74.08363,4.52617],[-74.08381,4.52607],[-74.084,4.52545],[-74.08417,4.52551],[-74.08441,4.52531],[-74.08444,4.52495],[-74.08429,4.52444],[-74.08452,4.52443],[-74.08508,4.52391],[-74.08535,4.52383],[-74.08545,4.52348],[-74.08535,4.52294],[-74.08568,4.52313],[-74.08597,4.52312],[-74.0864,4.5227],[-74.08719,4.52222],[-74.08723,4.52194],[-74.08711,4.52134],[-74.08727,4.52109],[-74.08726,4.52092],[-74.08782,4.52065],[-74.08693,4.52014],[-74.08697,4.52004],[-74.08456,4.51923],[-74.08281,4.51875],[-74.0829,4.51854],[-74.08179,4.51823],[-74.08189,4.51782],[-74.09107,4.51968],[-74.09091,4.5194],[-74.09078,4.51867],[-74.09054,4.51818],[-74.09005,4.51754],[-74.08956,4.5171],[-74.08994,4.51713],[-74.09021,4.51694],[-74.09091,4.51705],[-74.09446,4.51695],[-74.09428,4.51728],[-74.09491,4.51727],[-74.09408,4.51777],[-74.09396,4.51912],[-74.09382,4.51959],[-74.09395,4.52008],[-74.09396,4.52046],[-74.09381,4.52134],[-74.09377,4.52257],[-74.09342,4.52338],[-74.09355,4.52426],[-74.09372,4.52446],[-74.09412,4.52456],[-74.09436,4.52543],[-74.09438,4.52686],[-74.09454,4.52734],[-74.09457,4.52789],[-74.09436,4.52804],[-74.09435,4.52892],[-74.09451,4.52993],[-74.09483,4.53082],[-74.09531,4.53295],[-74.09524,4.53376],[-74.09514,4.53405],[-74.09523,4.53429],[-74.09522,4.53533],[-74.09575,4.53685],[-74.09586,4.53697],[-74.09566,4.53732],[-74.09578,4.538],[-74.09598,4.53837],[-74.09632,4.53874],[-74.09679,4.5391],[-74.097,4.53991],[-74.09765,4.53946],[-74.09781,4.53873],[-74.09831,4.53938],[-74.09881,4.54043],[-74.09781,4.5414],[-74.09836,4.54209],[-74.09864,4.5429],[-74.0986,4.54304],[-74.09943,4.54374],[-74.09975,4.54453],[-74.10029,4.54488],[-74.10045,4.54521],[-74.10095,4.54538],[-74.10139,4.54572],[-74.10226,4.546],[-74.10279,4.54566],[-74.10322,4.54551],[-74.10371,4.54552],[-74.10315,4.54393],[-74.10235,4.54274],[-74.10195,4.54194],[-74.10119,4.54096],[-74.10135,4.54071],[-74.1008,4.54042],[-74.10055,4.53951],[-74.10004,4.53841],[-74.09989,4.5379],[-74.09966,4.53784],[-74.09939,4.53738],[-74.09884,4.53721],[-74.09861,4.53621],[-74.09815,4.53495],[-74.09859,4.53494],[-74.09897,4.53531],[-74.0996,4.536],[-74.10009,4.53686],[-74.10071,4.53693],[-74.10107,4.53645],[-74.10139,4.53682],[-74.10155,4.53715],[-74.10293,4.53651],[-74.10341,4.53684],[-74.10514,4.53762],[-74.10575,4.53837],[-74.10647,4.53904],[-74.10661,4.53947],[-74.10741,4.53954],[-74.10837,4.53932],[-74.1088,4.53936],[-74.11013,4.53998],[-74.11077,4.54057],[-74.11072,4.54061],[-74.11238,4.54168],[-74.1125,4.54169],[-74.11262,4.54156],[-74.11263,4.54133],[-74.1127,4.54132],[-74.11257,4.54038],[-74.1129,4.54032],[-74.11325,4.54044],[-74.11383,4.5404],[-74.11444,4.54051],[-74.11483,4.54038],[-74.1152,4.54045],[-74.11562,4.54039],[-74.11577,4.54056],[-74.11633,4.54064],[-74.11663,4.54114],[-74.11708,4.54156],[-74.11726,4.54194],[-74.11773,4.54226],[-74.11826,4.54216],[-74.11844,4.5424],[-74.11893,4.54273],[-74.12013,4.54432],[-74.12115,4.54543],[-74.12387,4.54449],[-74.12609,4.54482],[-74.12588,4.54462],[-74.125,4.54433],[-74.12485,4.54408],[-74.12489,4.54382],[-74.12534,4.54266],[-74.125,4.54158],[-74.12497,4.53937],[-74.12454,4.53708],[-74.12394,4.53632],[-74.1239,4.53616],[-74.12389,4.53592],[-74.12414,4.53505],[-74.12408,4.53456],[-74.12339,4.53353],[-74.12307,4.53234],[-74.12309,4.5292],[-74.12321,4.52746],[-74.12479,4.52759],[-74.12525,4.52672],[-74.12551,4.52605],[-74.12604,4.52575],[-74.12678,4.52556],[-74.12756,4.52499],[-74.12886,4.52472],[-74.129,4.52443],[-74.12888,4.52411],[-74.12802,4.5229],[-74.12758,4.52206],[-74.12578,4.52051],[-74.12561,4.52016],[-74.12589,4.5181],[-74.12578,4.51556],[-74.12598,4.51465],[-74.12668,4.51321],[-74.12731,4.51069],[-74.1273,4.51002],[-74.12708,4.50933],[-74.12671,4.50715],[-74.12674,4.50621],[-74.12679,4.50607],[-74.12786,4.50572],[-74.12814,4.50548],[-74.12842,4.50499],[-74.12846,4.50454],[-74.12838,4.50425],[-74.12806,4.50396],[-74.12774,4.50348],[-74.1275,4.50276],[-74.12714,4.5021],[-74.12685,4.50132],[-74.12672,4.5013],[-74.12622,4.50149],[-74.12577,4.5018],[-74.1256,4.5018],[-74.12506,4.50132],[-74.12449,4.50063],[-74.12393,4.50024],[-74.12298,4.49993],[-74.12274,4.4997],[-74.12255,4.49869],[-74.12222,4.49794],[-74.12187,4.49754],[-74.12162,4.49667],[-74.12164,4.49636],[-74.12202,4.49538],[-74.12211,4.49488],[-74.12135,4.493],[-74.12145,4.49274],[-74.12184,4.49231],[-74.12241,4.49203],[-74.12301,4.49185],[-74.12312,4.49169],[-74.12312,4.49151],[-74.1229,4.49125],[-74.12245,4.49111],[-74.12069,4.49124],[-74.12048,4.49108],[-74.12043,4.4908],[-74.12088,4.48972],[-74.12121,4.48926],[-74.12165,4.48818],[-74.12166,4.48736],[-74.12129,4.48575],[-74.12165,4.48481],[-74.12177,4.48423],[-74.12262,4.48234],[-74.12322,4.48195],[-74.1235,4.48157],[-74.12382,4.48065],[-74.12426,4.48014],[-74.12453,4.47911],[-74.12478,4.47891],[-74.12509,4.47891],[-74.12545,4.47875],[-74.12698,4.47756],[-74.12731,4.47715],[-74.12842,4.47529],[-74.12872,4.47535],[-74.12931,4.47606],[-74.12979,4.47639],[-74.13008,4.47645],[-74.13031,4.47637],[-74.13061,4.47539],[-74.13133,4.47434],[-74.13245,4.4732],[-74.13331,4.47142],[-74.13373,4.47081],[-74.13453,4.46986],[-74.13511,4.46875],[-74.13534,4.46853],[-74.13608,4.46822],[-74.1363,4.46805],[-74.13649,4.46699],[-74.1368,4.46624],[-74.13787,4.46618],[-74.13808,4.46606],[-74.13826,4.46582],[-74.13842,4.46544],[-74.13842,4.46523],[-74.13776,4.46439],[-74.13765,4.46409],[-74.13764,4.46379],[-74.13778,4.4634],[-74.13813,4.46321],[-74.1384,4.46268],[-74.13893,4.46074],[-74.13911,4.45951],[-74.13951,4.45801],[-74.13969,4.4577],[-74.14025,4.45748],[-74.14046,4.45728],[-74.14086,4.45597],[-74.14137,4.45504],[-74.14166,4.45479],[-74.1418,4.45347],[-74.14212,4.45198],[-74.1425,4.45148],[-74.14313,4.45027],[-74.14401,4.44895],[-74.14424,4.44828],[-74.14435,4.44673],[-74.14456,4.44548],[-74.14452,4.44415],[-74.14436,4.44353],[-74.14381,4.44276],[-74.14356,4.44223],[-74.14349,4.44112],[-74.14321,4.43988],[-74.14334,4.43862],[-74.1436,4.43773],[-74.14345,4.43585],[-74.1433,4.43522],[-74.14258,4.43402],[-74.14272,4.43383],[-74.14356,4.43342],[-74.14385,4.43297],[-74.14373,4.43217],[-74.14343,4.43128],[-74.14335,4.43076],[-74.14375,4.42865],[-74.14395,4.42652],[-74.14411,4.42629],[-74.1446,4.42609],[-74.14475,4.42576],[-74.14476,4.4248],[-74.14457,4.42298],[-74.14481,4.4217],[-74.14472,4.42142],[-74.144,4.42063],[-74.14374,4.42004],[-74.14395,4.41973],[-74.14445,4.41936],[-74.14471,4.4188],[-74.14502,4.41681],[-74.14498,4.4156],[-74.14484,4.41537],[-74.14504,4.41515],[-74.14484,4.41476],[-74.14461,4.41389],[-74.14396,4.41301],[-74.1442,4.41154],[-74.1442,4.41089],[-74.14346,4.40894],[-74.14331,4.40827],[-74.14347,4.4071],[-74.14422,4.40578],[-74.14429,4.40478],[-74.14402,4.4042],[-74.14432,4.40344],[-74.14427,4.40258],[-74.14379,4.40129],[-74.14384,4.4003],[-74.14339,4.40005],[-74.14352,4.39951],[-74.14327,4.39945],[-74.14318,4.39926],[-74.1433,4.39775],[-74.14301,4.39653],[-74.1429,4.39526],[-74.14278,4.39511],[-74.14241,4.39498],[-74.14214,4.39446],[-74.14138,4.39343],[-74.14113,4.39209],[-74.14129,4.39159],[-74.14183,4.3912],[-74.1424,4.39053],[-74.14245,4.38849],[-74.14272,4.38777],[-74.14355,4.38775],[-74.14446,4.38819],[-74.14545,4.3879],[-74.14609,4.38799],[-74.1464,4.38785],[-74.14684,4.38721],[-74.14733,4.38709],[-74.14762,4.38692],[-74.14803,4.38694],[-74.14931,4.38777],[-74.15049,4.38714],[-74.15121,4.38723],[-74.15202,4.38789],[-74.15293,4.38849],[-74.15367,4.3888],[-74.15417,4.38881],[-74.15473,4.38912],[-74.15545,4.38934],[-74.15683,4.38932],[-74.1573,4.38952],[-74.1578,4.38996],[-74.15859,4.39016],[-74.15972,4.38993],[-74.16076,4.38922],[-74.1613,4.38915],[-74.16269,4.38961],[-74.16313,4.38929],[-74.16327,4.38858],[-74.1635,4.3882],[-74.16404,4.38775],[-74.16549,4.38704],[-74.16661,4.38558],[-74.16717,4.38531],[-74.16781,4.38519],[-74.16965,4.38591],[-74.17027,4.38605],[-74.17101,4.386],[-74.17376,4.38723],[-74.17567,4.38841],[-74.17665,4.38865],[-74.17727,4.38856],[-74.17809,4.38767],[-74.17848,4.38697],[-74.17976,4.38577],[-74.17996,4.38515],[-74.18001,4.38453],[-74.18024,4.38392],[-74.18155,4.38366],[-74.18207,4.38398],[-74.18335,4.38447],[-74.1843,4.38503],[-74.18481,4.38506],[-74.18552,4.38492],[-74.18815,4.38527],[-74.19022,4.38589],[-74.19199,4.38603],[-74.19319,4.38673],[-74.19509,4.38714],[-74.19636,4.38704],[-74.19761,4.38726],[-74.19961,4.38713],[-74.20067,4.38668],[-74.20295,4.38612],[-74.20379,4.38632],[-74.21092,4.38691],[-74.21051,4.38542],[-74.21078,4.38208],[-74.21188,4.38038],[-74.21261,4.37879],[-74.2141,4.37698],[-74.21421,4.37637],[-74.2137,4.37548],[-74.21263,4.37464],[-74.2122,4.37463],[-74.2122,4.37425],[-74.21268,4.37357],[-74.21359,4.37265],[-74.21457,4.37136],[-74.21512,4.37049],[-74.21606,4.36851],[-74.21674,4.36772],[-74.2172,4.36699],[-74.21783,4.36649],[-74.21896,4.36579],[-74.22043,4.36517],[-74.22084,4.36491],[-74.2211,4.36456],[-74.22117,4.36402],[-74.22051,4.36125],[-74.22049,4.3604],[-74.22019,4.35882],[-74.22016,4.35784],[-74.22025,4.35647],[-74.22072,4.35362],[-74.22068,4.35148],[-74.22048,4.34989],[-74.22059,4.34893],[-74.22043,4.34818],[-74.22004,4.34712],[-74.22003,4.34653],[-74.22017,4.34585],[-74.21954,4.34303],[-74.21954,4.34163],[-74.2198,4.34024],[-74.21898,4.33743],[-74.21821,4.33658],[-74.21805,4.33599],[-74.21798,4.33523],[-74.21835,4.3323],[-74.21838,4.33048],[-74.21851,4.329],[-74.21845,4.32729],[-74.21817,4.3259],[-74.21767,4.32434],[-74.21762,4.32365],[-74.21742,4.32285],[-74.21701,4.32194],[-74.21643,4.31901],[-74.21624,4.31853],[-74.21615,4.31804],[-74.21593,4.31657],[-74.21585,4.31518],[-74.21588,4.31424],[-74.21573,4.31277],[-74.21542,4.31167],[-74.21505,4.30952],[-74.21494,4.30673],[-74.21451,4.30536],[-74.21432,4.30397],[-74.21459,4.30193],[-74.215,4.301],[-74.2152,4.30005],[-74.21544,4.29802],[-74.21504,4.29652],[-74.21501,4.296],[-74.21511,4.29548],[-74.21497,4.29252],[-74.21502,4.29193],[-74.21524,4.29061],[-74.21593,4.28939],[-74.21599,4.28898],[-74.21586,4.2878],[-74.21612,4.28685],[-74.21631,4.28631],[-74.21699,4.28552],[-74.21801,4.28468],[-74.22002,4.2834],[-74.22101,4.28267],[-74.22114,4.28217],[-74.22082,4.28163],[-74.2196,4.28016],[-74.21871,4.27941],[-74.21834,4.27876],[-74.21736,4.27765],[-74.21672,4.27678],[-74.2161,4.27487],[-74.21619,4.27303],[-74.21496,4.273],[-74.21313,4.27319],[-74.21285,4.2734],[-74.21224,4.27346],[-74.21044,4.27267],[-74.20962,4.2722],[-74.20888,4.27159],[-74.20642,4.27015],[-74.20584,4.26966],[-74.2055,4.27115],[-74.20545,4.27231],[-74.20553,4.2729],[-74.20538,4.27362],[-74.2053,4.27458],[-74.20494,4.27607],[-74.20436,4.27748],[-74.20419,4.27826],[-74.2035,4.27955],[-74.20292,4.2804],[-74.20243,4.28174],[-74.20215,4.28221],[-74.20196,4.28283],[-74.20065,4.28489],[-74.20019,4.28541],[-74.19865,4.28687],[-74.1979,4.28742],[-74.19704,4.2884],[-74.19543,4.28965],[-74.19497,4.29012],[-74.19476,4.28974],[-74.19198,4.2874],[-74.19071,4.28659],[-74.18912,4.28477],[-74.18865,4.28404],[-74.18823,4.28294],[-74.18771,4.28288],[-74.18634,4.28225],[-74.18545,4.28193],[-74.1835,4.28172],[-74.17805,4.28182],[-74.1761,4.28198],[-74.17247,4.28269],[-74.17125,4.28259],[-74.1699,4.28233],[-74.16845,4.28272],[-74.1672,4.28274],[-74.1651,4.28313],[-74.16387,4.28323],[-74.1627,4.28314],[-74.16049,4.28372],[-74.15796,4.28535],[-74.15733,4.28621],[-74.15627,4.2871],[-74.15504,4.28836],[-74.1543,4.28886],[-74.15345,4.28968],[-74.15182,4.2916],[-74.151,4.29241],[-74.14883,4.29429],[-74.14647,4.29659],[-74.14557,4.29775],[-74.14453,4.2988],[-74.14057,4.30206],[-74.13859,4.30335],[-74.13748,4.30425],[-74.13394,4.30576],[-74.1324,4.30612],[-74.13115,4.30599],[-74.13001,4.30574],[-74.12856,4.30584],[-74.12732,4.30652],[-74.1244,4.30666],[-74.12366,4.30713],[-74.12211,4.3085],[-74.12111,4.30909],[-74.1207,4.30945],[-74.11987,4.31056],[-74.11908,4.31139],[-74.11693,4.3128],[-74.11565,4.31309],[-74.11512,4.31313],[-74.11457,4.31358],[-74.11411,4.31533],[-74.11404,4.31662],[-74.11433,4.31814],[-74.1137,4.31883],[-74.11245,4.31975],[-74.11203,4.32029],[-74.11144,4.32151],[-74.11105,4.32381],[-74.11074,4.324],[-74.11043,4.32389],[-74.1099,4.32385],[-74.10916,4.32397],[-74.10789,4.32476],[-74.10696,4.32504],[-74.10668,4.32617],[-74.106,4.3275],[-74.1054,4.32964],[-74.10528,4.33053],[-74.10492,4.33155],[-74.1043,4.33282],[-74.10436,4.33374],[-74.1053,4.3358],[-74.10528,4.33677],[-74.10493,4.33714],[-74.10243,4.33897],[-74.10154,4.34032],[-74.10125,4.34107],[-74.09993,4.34297],[-74.09889,4.34497],[-74.09828,4.34705],[-74.09821,4.34803],[-74.09824,4.34868],[-74.09861,4.35007],[-74.09841,4.35069],[-74.09728,4.35304],[-74.09712,4.35439],[-74.09737,4.35555],[-74.0976,4.35616],[-74.09776,4.35737],[-74.09741,4.35804],[-74.09611,4.3596],[-74.09518,4.36105],[-74.09467,4.36267],[-74.09445,4.36421],[-74.09445,4.36675],[-74.09497,4.36909],[-74.09526,4.36991],[-74.09614,4.37111],[-74.09804,4.3728],[-74.09868,4.37419],[-74.09855,4.37481],[-74.09833,4.37699],[-74.09854,4.37817],[-74.09914,4.37878],[-74.0995,4.37877],[-74.10004,4.37867],[-74.10128,4.3781],[-74.10209,4.37785],[-74.10286,4.37781],[-74.10336,4.37789],[-74.10505,4.37857],[-74.10597,4.37951],[-74.1064,4.38028],[-74.10651,4.38073],[-74.1078,4.38166],[-74.11052,4.38497],[-74.11122,4.38594],[-74.11217,4.3861],[-74.11346,4.38619],[-74.11371,4.38631],[-74.11377,4.3865],[-74.11386,4.38934],[-74.11369,4.38989],[-74.11354,4.39097],[-74.11354,4.39163],[-74.11322,4.39315],[-74.11308,4.39432],[-74.1141,4.3955],[-74.11429,4.3966],[-74.11448,4.39685],[-74.11467,4.39769],[-74.11443,4.39959],[-74.11468,4.40263],[-74.11472,4.4061],[-74.11436,4.40714],[-74.11349,4.40857],[-74.11315,4.40956],[-74.11312,4.41006],[-74.1135,4.41059],[-74.11426,4.41213],[-74.11428,4.41273],[-74.11439,4.41316],[-74.11373,4.41496],[-74.11306,4.41611],[-74.113,4.4173],[-74.11287,4.41795],[-74.11306,4.41933],[-74.11327,4.42205],[-74.1132,4.4227],[-74.11333,4.4233],[-74.11315,4.42421],[-74.11328,4.42607],[-74.1131,4.42756],[-74.11308,4.4307],[-74.11212,4.43469],[-74.11204,4.43533],[-74.11114,4.43672],[-74.11071,4.43723],[-74.11017,4.43839],[-74.11012,4.43903],[-74.1102,4.43977],[-74.11014,4.44029],[-74.10991,4.44084],[-74.10946,4.44254],[-74.10911,4.44321],[-74.10817,4.44384],[-74.10679,4.44503],[-74.10579,4.44637],[-74.10549,4.44688],[-74.10521,4.44765],[-74.10517,4.44926],[-74.10495,4.45038],[-74.10434,4.45133],[-74.10328,4.45234],[-74.10287,4.4525],[-74.1015,4.45258],[-74.10016,4.45343],[-74.09895,4.45431],[-74.0984,4.45461],[-74.09755,4.455],[-74.09555,4.45574],[-74.09384,4.45583],[-74.09322,4.45603],[-74.09222,4.45716],[-74.09153,4.45824],[-74.09075,4.45879],[-74.09007,4.45912],[-74.08965,4.45919],[-74.08928,4.45915],[-74.08831,4.45894],[-74.08789,4.45863],[-74.08689,4.45757],[-74.08606,4.45728],[-74.08581,4.45704],[-74.0851,4.45671],[-74.08481,4.45668],[-74.08458,4.45675],[-74.08382,4.45749],[-74.08313,4.45773],[-74.08192,4.4579],[-74.0814,4.45816],[-74.0811,4.45861],[-74.08043,4.46078],[-74.08012,4.46134],[-74.07962,4.46171],[-74.07887,4.46188],[-74.0781,4.4619],[-74.07823,4.46086],[-74.0777,4.46111],[-74.07688,4.4618],[-74.07671,4.46215],[-74.07661,4.46267],[-74.07661,4.46349],[-74.07713,4.46516],[-74.07704,4.46593],[-74.07603,4.46735],[-74.07572,4.46808],[-74.07524,4.46875],[-74.07508,4.46938],[-74.07506,4.4707],[-74.07516,4.47129],[-74.07554,4.47217],[-74.07612,4.47306],[-74.07614,4.47356],[-74.07568,4.47515],[-74.07569,4.47624],[-74.07533,4.47752],[-74.07521,4.47855],[-74.07506,4.48099],[-74.07534,4.48458],[-74.0743,4.48507],[-74.07179,4.48605],[-74.06893,4.48687],[-74.0682,4.48683],[-74.06691,4.48633],[-74.06624,4.48626],[-74.0651,4.48649],[-74.0648,4.48711],[-74.06471,4.48757],[-74.06406,4.48889],[-74.0627,4.4902],[-74.06242,4.49076],[-74.06147,4.49175],[-74.06129,4.49234],[-74.06161,4.49385],[-74.06135,4.49409],[-74.06045,4.49565],[-74.05953,4.49665],[-74.05921,4.49711],[-74.05944,4.4979],[-74.05951,4.49864],[-74.05899,4.49964],[-74.05886,4.50039],[-74.05846,4.50135],[-74.05752,4.50255],[-74.05729,4.50318],[-74.05727,4.50437],[-74.05686,4.50612],[-74.05676,4.50716],[-74.05657,4.50796],[-74.05597,4.50832]]]}},{"type":"Feature","properties":{"nombre":"Tunjuelito","codigo":"06","tono":2,"etiqueta":[4.58633,-74.13963],"zoomEtiqueta":11},"geometry":{"type":"Polygon","coordinates":[[[-74.13777,4.59489],[-74.14043,4.59536],[-74.14259,4.59547],[-74.14402,4.59534],[-74.14564,4.59499],[-74.14694,4.59496],[-74.14849,4.59506],[-74.15124,4.59539],[-74.15173,4.59547],[-74.15226,4.59569],[-74.15282,4.59447],[-74.15391,4.59373],[-74.15413,4.59346],[-74.15421,4.59318],[-74.15419,4.59286],[-74.15409,4.59258],[-74.15354,4.59223],[-74.15332,4.59218],[-74.15267,4.59257],[-74.1524,4.59296],[-74.15205,4.59304],[-74.15175,4.59279],[-74.15122,4.59199],[-74.15139,4.5914],[-74.15155,4.59132],[-74.15209,4.5915],[-74.15282,4.59146],[-74.15297,4.59106],[-74.15336,4.59087],[-74.1537,4.59096],[-74.15402,4.59126],[-74.15426,4.59126],[-74.1544,4.59113],[-74.15455,4.59079],[-74.15482,4.59054],[-74.1565,4.59002],[-74.15664,4.58924],[-74.15696,4.5887],[-74.15642,4.58842],[-74.15598,4.5884],[-74.15563,4.58813],[-74.15504,4.58793],[-74.15449,4.58786],[-74.15356,4.58796],[-74.15332,4.5879],[-74.15314,4.58774],[-74.15305,4.58744],[-74.15339,4.58672],[-74.15329,4.58649],[-74.15307,4.58638],[-74.15254,4.58651],[-74.15222,4.58669],[-74.15192,4.58701],[-74.15176,4.58742],[-74.15185,4.58776],[-74.15254,4.58837],[-74.15265,4.5887],[-74.15138,4.58896],[-74.15096,4.5887],[-74.15049,4.58799],[-74.15042,4.58782],[-74.15089,4.58706],[-74.15119,4.58618],[-74.15128,4.58609],[-74.15192,4.58594],[-74.15216,4.58541],[-74.15198,4.58517],[-74.1515,4.58483],[-74.15075,4.58466],[-74.15059,4.58452],[-74.15061,4.58435],[-74.15124,4.58395],[-74.15139,4.58378],[-74.15148,4.58306],[-74.15138,4.58282],[-74.15111,4.58257],[-74.15074,4.58247],[-74.14983,4.58301],[-74.14933,4.58293],[-74.14865,4.58328],[-74.14842,4.58331],[-74.14788,4.58293],[-74.14755,4.58225],[-74.14722,4.58195],[-74.1472,4.58179],[-74.14761,4.58129],[-74.14794,4.58158],[-74.14877,4.58178],[-74.14931,4.58145],[-74.14944,4.58124],[-74.14965,4.58035],[-74.14943,4.57944],[-74.14977,4.57893],[-74.14999,4.57833],[-74.14966,4.57796],[-74.14872,4.57647],[-74.14858,4.57646],[-74.14845,4.57659],[-74.14836,4.57693],[-74.14873,4.57741],[-74.14878,4.57766],[-74.14871,4.57789],[-74.14836,4.57808],[-74.1479,4.57767],[-74.14781,4.5772],[-74.14768,4.57694],[-74.14706,4.57649],[-74.14701,4.57634],[-74.14736,4.57567],[-74.14772,4.57532],[-74.14759,4.57474],[-74.14777,4.57457],[-74.14781,4.57436],[-74.1477,4.57399],[-74.14745,4.57374],[-74.14722,4.5737],[-74.14706,4.57379],[-74.14683,4.57458],[-74.14674,4.57472],[-74.14651,4.5748],[-74.14608,4.57462],[-74.14599,4.57449],[-74.14574,4.5736],[-74.14561,4.57344],[-74.14518,4.57304],[-74.14484,4.57301],[-74.14465,4.57316],[-74.14414,4.57395],[-74.14369,4.57431],[-74.14364,4.5746],[-74.14382,4.57489],[-74.14385,4.57514],[-74.14304,4.57576],[-74.1431,4.57662],[-74.14285,4.57713],[-74.14262,4.57732],[-74.14212,4.5773],[-74.14096,4.57607],[-74.14087,4.57591],[-74.14083,4.57542],[-74.14089,4.57527],[-74.14101,4.57512],[-74.14168,4.57472],[-74.14211,4.57422],[-74.14282,4.57415],[-74.14293,4.57402],[-74.14325,4.57283],[-74.14312,4.57248],[-74.14278,4.57227],[-74.14257,4.57186],[-74.14244,4.57181],[-74.14205,4.57187],[-74.1418,4.57172],[-74.14177,4.57158],[-74.14202,4.57098],[-74.142,4.57075],[-74.14165,4.5706],[-74.14068,4.57061],[-74.14046,4.57047],[-74.14039,4.56987],[-74.14049,4.56928],[-74.14075,4.5692],[-74.14112,4.5693],[-74.14152,4.56912],[-74.14171,4.56885],[-74.14165,4.56867],[-74.1413,4.56875],[-74.14046,4.56833],[-74.14043,4.56819],[-74.14069,4.56724],[-74.14059,4.56629],[-74.14043,4.56574],[-74.14051,4.56514],[-74.14045,4.56496],[-74.1392,4.5637],[-74.13835,4.56363],[-74.13799,4.56351],[-74.13784,4.56324],[-74.13769,4.56265],[-74.13747,4.56235],[-74.13676,4.56203],[-74.1361,4.56191],[-74.1352,4.56113],[-74.13388,4.56071],[-74.13381,4.56034],[-74.13411,4.55984],[-74.1342,4.55889],[-74.13399,4.55746],[-74.13418,4.55738],[-74.13476,4.55743],[-74.13511,4.5573],[-74.13526,4.55714],[-74.13479,4.55652],[-74.13457,4.55635],[-74.13402,4.55647],[-74.13365,4.55644],[-74.13325,4.55632],[-74.13319,4.55622],[-74.13323,4.55609],[-74.13385,4.55543],[-74.13389,4.55519],[-74.13361,4.5549],[-74.13335,4.55425],[-74.13281,4.55347],[-74.13208,4.55292],[-74.13197,4.55264],[-74.13193,4.55207],[-74.13214,4.55119],[-74.13207,4.55092],[-74.13238,4.55048],[-74.13224,4.54992],[-74.13197,4.54955],[-74.13168,4.54937],[-74.1315,4.54936],[-74.13107,4.5494],[-74.13022,4.54973],[-74.12984,4.54971],[-74.12956,4.54969],[-74.12881,4.54934],[-74.12837,4.5495],[-74.12818,4.54967],[-74.12784,4.54975],[-74.1271,4.54962],[-74.12667,4.54924],[-74.12639,4.54872],[-74.12611,4.54843],[-74.12591,4.54802],[-74.12536,4.54751],[-74.12538,4.5472],[-74.12549,4.5469],[-74.12615,4.54618],[-74.1263,4.54612],[-74.12655,4.54627],[-74.12667,4.54693],[-74.12677,4.54713],[-74.12694,4.54722],[-74.12801,4.5469],[-74.1287,4.54678],[-74.12905,4.54686],[-74.12939,4.54679],[-74.12994,4.54629],[-74.12998,4.54604],[-74.12935,4.5455],[-74.1286,4.54527],[-74.12838,4.54502],[-74.12781,4.54509],[-74.12727,4.54541],[-74.12681,4.54552],[-74.12647,4.54545],[-74.12629,4.54531],[-74.12609,4.54482],[-74.12387,4.54449],[-74.12115,4.54543],[-74.12142,4.55531],[-74.1216,4.55628],[-74.12197,4.55731],[-74.12264,4.55844],[-74.1235,4.55936],[-74.1237,4.55968],[-74.12485,4.5622],[-74.12507,4.56369],[-74.12663,4.56649],[-74.12662,4.56694],[-74.12546,4.56901],[-74.12526,4.56957],[-74.1279,4.57857],[-74.12828,4.58019],[-74.12942,4.58008],[-74.13088,4.5859],[-74.12993,4.58608],[-74.12933,4.58628],[-74.12861,4.58664],[-74.12829,4.59265],[-74.12947,4.59294],[-74.13165,4.59363],[-74.13777,4.59489]]]}},{"type":"Feature","properties":{"nombre":"Bosa","codigo":"07","tono":2,"etiqueta":[4.62255,-74.20127],"zoomEtiqueta":10},"geometry":{"type":"Polygon","coordinates":[[[-74.18567,4.64705],[-74.18587,4.64714],[-74.18596,4.64734],[-74.18592,4.64768],[-74.18547,4.64861],[-74.18445,4.65022],[-74.18357,4.65205],[-74.18354,4.65248],[-74.18371,4.65273],[-74.18387,4.65285],[-74.1841,4.65282],[-74.18446,4.65265],[-74.18577,4.65171],[-74.18653,4.65146],[-74.18679,4.65147],[-74.18758,4.65178],[-74.19108,4.65428],[-74.19154,4.6547],[-74.19216,4.655],[-74.19295,4.65518],[-74.19355,4.65515],[-74.19427,4.65494],[-74.19457,4.65455],[-74.19488,4.6536],[-74.19582,4.65156],[-74.1969,4.65046],[-74.19738,4.65016],[-74.19821,4.64981],[-74.199,4.64931],[-74.20081,4.6487],[-74.20128,4.64837],[-74.20225,4.64713],[-74.20292,4.64649],[-74.20302,4.64585],[-74.2026,4.64529],[-74.2011,4.64478],[-74.2007,4.64454],[-74.20067,4.64434],[-74.20089,4.64384],[-74.20162,4.64376],[-74.20196,4.64386],[-74.20579,4.64653],[-74.2061,4.64665],[-74.20681,4.64658],[-74.20711,4.64618],[-74.20716,4.64595],[-74.20709,4.64563],[-74.20637,4.64467],[-74.20576,4.64359],[-74.20547,4.64286],[-74.20549,4.64227],[-74.20569,4.64163],[-74.20702,4.64065],[-74.20817,4.64049],[-74.21155,4.64062],[-74.21349,4.64041],[-74.21396,4.64059],[-74.21427,4.64111],[-74.21429,4.64257],[-74.21468,4.64373],[-74.21556,4.64434],[-74.21603,4.64446],[-74.2166,4.64448],[-74.21971,4.64428],[-74.22026,4.64431],[-74.2207,4.64427],[-74.22129,4.64406],[-74.22135,4.64345],[-74.22106,4.64275],[-74.22045,4.642],[-74.22002,4.64168],[-74.21961,4.64142],[-74.21835,4.64093],[-74.2171,4.6407],[-74.21614,4.64035],[-74.21576,4.64002],[-74.21543,4.63923],[-74.21493,4.63836],[-74.2147,4.63727],[-74.21508,4.6363],[-74.21601,4.63582],[-74.21651,4.63577],[-74.21714,4.63558],[-74.21738,4.63537],[-74.21751,4.63507],[-74.21753,4.63471],[-74.21733,4.634],[-74.21667,4.63299],[-74.2158,4.63134],[-74.21577,4.63077],[-74.21585,4.63022],[-74.21629,4.62971],[-74.21668,4.62952],[-74.21766,4.62935],[-74.21845,4.62946],[-74.21958,4.6299],[-74.22087,4.63018],[-74.22135,4.63009],[-74.22181,4.62979],[-74.22243,4.62912],[-74.22224,4.62889],[-74.22217,4.62851],[-74.22238,4.62794],[-74.22336,4.62609],[-74.22358,4.62547],[-74.22348,4.6247],[-74.22315,4.62428],[-74.22264,4.62393],[-74.22166,4.62369],[-74.22085,4.62339],[-74.22067,4.62307],[-74.22073,4.6226],[-74.22096,4.62217],[-74.22107,4.62148],[-74.22128,4.6212],[-74.22226,4.62134],[-74.2224,4.62114],[-74.22232,4.62082],[-74.22128,4.62045],[-74.22104,4.6203],[-74.22081,4.61997],[-74.22086,4.61959],[-74.22169,4.6192],[-74.22174,4.61892],[-74.22129,4.61865],[-74.22048,4.61887],[-74.22006,4.61888],[-74.21985,4.61867],[-74.21985,4.61762],[-74.21965,4.61746],[-74.21887,4.61803],[-74.21864,4.618],[-74.21841,4.61785],[-74.21849,4.61688],[-74.2183,4.61623],[-74.21811,4.61598],[-74.21772,4.6158],[-74.21735,4.61575],[-74.21708,4.6159],[-74.21591,4.61409],[-74.21345,4.61136],[-74.20427,4.59944],[-74.20406,4.60077],[-74.19973,4.59993],[-74.18394,4.59639],[-74.18187,4.59684],[-74.1787,4.59699],[-74.17579,4.59678],[-74.17003,4.59595],[-74.16795,4.59575],[-74.16563,4.59566],[-74.16331,4.59572],[-74.16068,4.59619],[-74.15216,4.59976],[-74.15215,4.60048],[-74.15224,4.60068],[-74.15247,4.60089],[-74.15316,4.60101],[-74.15349,4.60098],[-74.15368,4.60142],[-74.15475,4.60251],[-74.15512,4.60277],[-74.15543,4.60292],[-74.15644,4.603],[-74.15658,4.60307],[-74.15684,4.60399],[-74.15698,4.60408],[-74.15954,4.6055],[-74.16191,4.60611],[-74.16314,4.60634],[-74.16353,4.60624],[-74.16438,4.60582],[-74.16535,4.60553],[-74.16744,4.60441],[-74.16813,4.60439],[-74.16859,4.60425],[-74.16878,4.60405],[-74.16898,4.60363],[-74.169,4.60252],[-74.1691,4.60234],[-74.16991,4.60224],[-74.17006,4.60206],[-74.17017,4.60156],[-74.16994,4.60084],[-74.17008,4.60056],[-74.17177,4.60084],[-74.17334,4.60039],[-74.17384,4.60011],[-74.17401,4.60017],[-74.17442,4.6008],[-74.17456,4.60124],[-74.17453,4.60135],[-74.17426,4.6017],[-74.17312,4.60236],[-74.1729,4.60269],[-74.17283,4.60297],[-74.17289,4.60315],[-74.17311,4.60322],[-74.17387,4.60312],[-74.17554,4.60342],[-74.17563,4.60342],[-74.17591,4.60294],[-74.17573,4.60215],[-74.17595,4.60124],[-74.17629,4.60103],[-74.17731,4.6009],[-74.17775,4.60107],[-74.17781,4.60121],[-74.17779,4.60178],[-74.1777,4.60208],[-74.17742,4.60236],[-74.17628,4.60316],[-74.17611,4.60362],[-74.17611,4.6044],[-74.1762,4.60469],[-74.17658,4.60533],[-74.17671,4.60513],[-74.17747,4.60519],[-74.17799,4.6049],[-74.1785,4.60509],[-74.17866,4.60546],[-74.17858,4.60595],[-74.17847,4.60609],[-74.17738,4.60639],[-74.17739,4.6071],[-74.17774,4.60763],[-74.17784,4.60809],[-74.17767,4.60866],[-74.17728,4.6092],[-74.17729,4.60962],[-74.17805,4.61096],[-74.17894,4.61167],[-74.18049,4.61263],[-74.18119,4.61296],[-74.18134,4.61322],[-74.18143,4.6137],[-74.1819,4.61426],[-74.18176,4.61443],[-74.18129,4.61471],[-74.18022,4.61483],[-74.18007,4.61494],[-74.17942,4.61594],[-74.1794,4.61614],[-74.1795,4.61643],[-74.17986,4.61691],[-74.18008,4.61701],[-74.18053,4.61654],[-74.18159,4.6148],[-74.18203,4.61466],[-74.18223,4.615],[-74.18298,4.61537],[-74.18282,4.61588],[-74.18248,4.61627],[-74.18237,4.61652],[-74.18243,4.61679],[-74.18275,4.61712],[-74.1831,4.61719],[-74.18339,4.61713],[-74.18406,4.61628],[-74.18467,4.61582],[-74.18479,4.61563],[-74.18504,4.61567],[-74.18513,4.61578],[-74.18512,4.61742],[-74.18523,4.61886],[-74.18338,4.61913],[-74.1825,4.61879],[-74.18149,4.61904],[-74.18102,4.61903],[-74.18052,4.61891],[-74.1801,4.61849],[-74.17915,4.61924],[-74.17971,4.61999],[-74.17969,4.62013],[-74.17724,4.62235],[-74.17773,4.62318],[-74.17771,4.62325],[-74.17656,4.62402],[-74.17701,4.62548],[-74.17731,4.62793],[-74.1778,4.62968],[-74.1799,4.63449],[-74.18365,4.64247],[-74.18567,4.64705]]]}},{"type":"Feature","properties":{"nombre":"Kennedy","codigo":"08","tono":0,"etiqueta":[4.63035,-74.15099],"zoomEtiqueta":10},"geometry":{"type":"Polygon","coordinates":[[[-74.18567,4.64705],[-74.18365,4.64247],[-74.1799,4.63449],[-74.1778,4.62968],[-74.17731,4.62793],[-74.17701,4.62548],[-74.17656,4.62402],[-74.17771,4.62325],[-74.17773,4.62318],[-74.17724,4.62235],[-74.17969,4.62013],[-74.17971,4.61999],[-74.17915,4.61924],[-74.1801,4.61849],[-74.18052,4.61891],[-74.18102,4.61903],[-74.18149,4.61904],[-74.1825,4.61879],[-74.18338,4.61913],[-74.18523,4.61886],[-74.18512,4.61742],[-74.18513,4.61578],[-74.18504,4.61567],[-74.18479,4.61563],[-74.18467,4.61582],[-74.18406,4.61628],[-74.18339,4.61713],[-74.1831,4.61719],[-74.18275,4.61712],[-74.18243,4.61679],[-74.18237,4.61652],[-74.18248,4.61627],[-74.18282,4.61588],[-74.18298,4.61537],[-74.18223,4.615],[-74.18203,4.61466],[-74.18159,4.6148],[-74.18053,4.61654],[-74.18008,4.61701],[-74.17986,4.61691],[-74.1795,4.61643],[-74.1794,4.61614],[-74.17942,4.61594],[-74.18007,4.61494],[-74.18022,4.61483],[-74.18129,4.61471],[-74.18176,4.61443],[-74.1819,4.61426],[-74.18143,4.6137],[-74.18134,4.61322],[-74.18119,4.61296],[-74.18049,4.61263],[-74.17894,4.61167],[-74.17805,4.61096],[-74.17729,4.60962],[-74.17728,4.6092],[-74.17767,4.60866],[-74.17784,4.60809],[-74.17774,4.60763],[-74.17739,4.6071],[-74.17738,4.60639],[-74.17847,4.60609],[-74.17858,4.60595],[-74.17866,4.60546],[-74.1785,4.60509],[-74.17799,4.6049],[-74.17747,4.60519],[-74.17671,4.60513],[-74.17658,4.60533],[-74.1762,4.60469],[-74.17611,4.6044],[-74.17611,4.60362],[-74.17628,4.60316],[-74.17742,4.60236],[-74.1777,4.60208],[-74.17779,4.60178],[-74.17781,4.60121],[-74.17775,4.60107],[-74.17731,4.6009],[-74.17629,4.60103],[-74.17595,4.60124],[-74.17573,4.60215],[-74.17591,4.60294],[-74.17563,4.60342],[-74.17554,4.60342],[-74.17387,4.60312],[-74.17311,4.60322],[-74.17289,4.60315],[-74.17283,4.60297],[-74.1729,4.60269],[-74.17312,4.60236],[-74.17426,4.6017],[-74.17453,4.60135],[-74.17456,4.60124],[-74.17442,4.6008],[-74.17401,4.60017],[-74.17384,4.60011],[-74.17334,4.60039],[-74.17177,4.60084],[-74.17008,4.60056],[-74.16994,4.60084],[-74.17017,4.60156],[-74.17006,4.60206],[-74.16991,4.60224],[-74.1691,4.60234],[-74.169,4.60252],[-74.16898,4.60363],[-74.16878,4.60405],[-74.16859,4.60425],[-74.16813,4.60439],[-74.16744,4.60441],[-74.16535,4.60553],[-74.16438,4.60582],[-74.16329,4.60632],[-74.16269,4.60628],[-74.15954,4.6055],[-74.15914,4.60531],[-74.15684,4.60399],[-74.15658,4.60307],[-74.15644,4.603],[-74.15543,4.60292],[-74.15475,4.60251],[-74.15368,4.60142],[-74.15349,4.60098],[-74.15316,4.60101],[-74.15247,4.60089],[-74.15224,4.60068],[-74.15215,4.60048],[-74.15218,4.59925],[-74.15197,4.59871],[-74.1515,4.59841],[-74.15121,4.59791],[-74.15071,4.5975],[-74.15043,4.59694],[-74.1501,4.59665],[-74.14994,4.59632],[-74.14975,4.59612],[-74.14967,4.59583],[-74.14977,4.59562],[-74.15007,4.59563],[-74.15058,4.59631],[-74.1509,4.5965],[-74.15125,4.59657],[-74.15161,4.59649],[-74.15187,4.59633],[-74.15211,4.59605],[-74.15226,4.59569],[-74.15173,4.59547],[-74.15124,4.59539],[-74.14849,4.59506],[-74.14694,4.59496],[-74.14564,4.59499],[-74.14402,4.59534],[-74.14259,4.59547],[-74.14043,4.59536],[-74.13777,4.59489],[-74.13731,4.59621],[-74.13026,4.60696],[-74.12927,4.60885],[-74.12855,4.61071],[-74.1245,4.62392],[-74.11952,4.63611],[-74.11925,4.6365],[-74.1183,4.63741],[-74.12084,4.63907],[-74.12292,4.64072],[-74.1231,4.64103],[-74.12363,4.64071],[-74.12381,4.64087],[-74.12444,4.64172],[-74.12566,4.64524],[-74.12649,4.64603],[-74.12808,4.64727],[-74.12891,4.64802],[-74.12901,4.64836],[-74.12917,4.64853],[-74.12993,4.64878],[-74.13102,4.649],[-74.13147,4.64877],[-74.13232,4.64889],[-74.13239,4.6491],[-74.13238,4.64963],[-74.13248,4.64981],[-74.13288,4.65005],[-74.13322,4.65054],[-74.13327,4.65123],[-74.1338,4.65248],[-74.13401,4.65277],[-74.13441,4.65372],[-74.1347,4.65417],[-74.13489,4.65472],[-74.1355,4.65581],[-74.13612,4.65716],[-74.13633,4.65754],[-74.13667,4.6576],[-74.13691,4.65779],[-74.13719,4.65821],[-74.13705,4.65867],[-74.13712,4.65885],[-74.13765,4.65908],[-74.13903,4.66043],[-74.13928,4.66057],[-74.13974,4.66061],[-74.13988,4.66147],[-74.14023,4.66171],[-74.14041,4.66215],[-74.14094,4.66284],[-74.14127,4.663],[-74.14189,4.66297],[-74.14255,4.66267],[-74.1435,4.66184],[-74.14389,4.66173],[-74.1442,4.66183],[-74.14436,4.66178],[-74.14448,4.66171],[-74.14468,4.66126],[-74.1448,4.66123],[-74.14521,4.66169],[-74.1453,4.66194],[-74.14553,4.66195],[-74.14592,4.66176],[-74.14636,4.66202],[-74.14704,4.66209],[-74.14755,4.66227],[-74.14996,4.66362],[-74.15025,4.6637],[-74.15091,4.66409],[-74.1514,4.66425],[-74.15195,4.66424],[-74.15319,4.66393],[-74.15364,4.6639],[-74.15401,4.66395],[-74.15456,4.66427],[-74.15474,4.66365],[-74.15507,4.66309],[-74.15534,4.6629],[-74.15568,4.66299],[-74.15582,4.66292],[-74.15603,4.66274],[-74.15657,4.66179],[-74.15708,4.66153],[-74.15788,4.66235],[-74.15857,4.66274],[-74.15913,4.66253],[-74.16032,4.66271],[-74.16173,4.66326],[-74.16229,4.66337],[-74.16276,4.66291],[-74.16298,4.66227],[-74.16295,4.66018],[-74.163,4.65968],[-74.16335,4.65906],[-74.16404,4.65856],[-74.16489,4.65877],[-74.16551,4.65946],[-74.16564,4.65972],[-74.16594,4.65985],[-74.16621,4.65988],[-74.16653,4.65962],[-74.16666,4.65922],[-74.16681,4.65785],[-74.16722,4.65667],[-74.16765,4.65638],[-74.16795,4.65629],[-74.16949,4.65628],[-74.17091,4.65717],[-74.17183,4.6573],[-74.17234,4.65714],[-74.17309,4.65647],[-74.1742,4.65571],[-74.17491,4.65473],[-74.17542,4.65448],[-74.17658,4.65478],[-74.17755,4.65425],[-74.17837,4.65358],[-74.18008,4.65262],[-74.18072,4.65174],[-74.18105,4.65089],[-74.18223,4.64919],[-74.18413,4.64756],[-74.18481,4.64711],[-74.18527,4.64699],[-74.18567,4.64705]]]}},{"type":"Feature","properties":{"nombre":"Fontibón","codigo":"09","tono":1,"etiqueta":[4.68645,-74.1415],"zoomEtiqueta":10},"geometry":{"type":"Polygon","coordinates":[[[-74.15857,4.66274],[-74.15788,4.66235],[-74.15708,4.66153],[-74.15657,4.66179],[-74.15603,4.66274],[-74.15582,4.66292],[-74.15568,4.66299],[-74.15534,4.6629],[-74.15507,4.66309],[-74.15474,4.66365],[-74.15456,4.66427],[-74.15401,4.66395],[-74.15364,4.6639],[-74.15319,4.66393],[-74.15195,4.66424],[-74.1514,4.66425],[-74.15091,4.66409],[-74.15025,4.6637],[-74.14996,4.66362],[-74.14755,4.66227],[-74.14704,4.66209],[-74.14636,4.66202],[-74.14592,4.66176],[-74.14553,4.66195],[-74.1453,4.66194],[-74.14521,4.66169],[-74.1448,4.66123],[-74.14461,4.66137],[-74.14448,4.66171],[-74.1442,4.66183],[-74.14376,4.66174],[-74.14341,4.66188],[-74.14255,4.66267],[-74.14189,4.66297],[-74.14127,4.663],[-74.14094,4.66284],[-74.14041,4.66215],[-74.14023,4.66171],[-74.13988,4.66147],[-74.13974,4.66061],[-74.13928,4.66057],[-74.13903,4.66043],[-74.13765,4.65908],[-74.13718,4.6589],[-74.13708,4.65879],[-74.13705,4.65867],[-74.13719,4.65821],[-74.13691,4.65779],[-74.13667,4.6576],[-74.13633,4.65754],[-74.13612,4.65716],[-74.1355,4.65581],[-74.13489,4.65472],[-74.1347,4.65417],[-74.13441,4.65372],[-74.13401,4.65277],[-74.1338,4.65248],[-74.13327,4.65123],[-74.13322,4.65054],[-74.13288,4.65005],[-74.13248,4.64981],[-74.13238,4.64963],[-74.13239,4.6491],[-74.13232,4.64889],[-74.13147,4.64877],[-74.13102,4.649],[-74.12993,4.64878],[-74.12917,4.64853],[-74.12901,4.64836],[-74.12891,4.64802],[-74.12808,4.64727],[-74.12649,4.64603],[-74.12566,4.64524],[-74.12444,4.64172],[-74.12381,4.64087],[-74.12363,4.64071],[-74.1231,4.64103],[-74.12292,4.64072],[-74.12084,4.63907],[-74.1183,4.63741],[-74.11504,4.64053],[-74.10775,4.64786],[-74.10342,4.65351],[-74.1209,4.68101],[-74.12168,4.68211],[-74.12248,4.68297],[-74.12465,4.6848],[-74.12405,4.68554],[-74.12145,4.68666],[-74.1184,4.68865],[-74.12038,4.69222],[-74.12295,4.69362],[-74.15478,4.71764],[-74.15547,4.71798],[-74.15562,4.7169],[-74.15555,4.71594],[-74.15502,4.71412],[-74.15478,4.71267],[-74.15481,4.71046],[-74.15511,4.70923],[-74.15542,4.7087],[-74.15609,4.70805],[-74.15653,4.70789],[-74.15752,4.70796],[-74.15854,4.70824],[-74.15903,4.7083],[-74.1598,4.70828],[-74.16035,4.70818],[-74.16148,4.70775],[-74.16215,4.7073],[-74.16213,4.70687],[-74.16157,4.70632],[-74.16151,4.70615],[-74.16158,4.706],[-74.16187,4.70587],[-74.16431,4.70578],[-74.16717,4.70462],[-74.16781,4.70446],[-74.16834,4.7044],[-74.17056,4.70465],[-74.1712,4.70465],[-74.17188,4.70449],[-74.17345,4.70388],[-74.17682,4.703],[-74.177,4.70278],[-74.17704,4.70258],[-74.17676,4.70176],[-74.17615,4.70131],[-74.17531,4.70087],[-74.17453,4.70061],[-74.17302,4.70063],[-74.1703,4.701],[-74.16939,4.70105],[-74.16922,4.70086],[-74.16915,4.70058],[-74.16927,4.69932],[-74.16963,4.69876],[-74.17025,4.69813],[-74.17173,4.69695],[-74.17239,4.69606],[-74.17237,4.69437],[-74.17222,4.69395],[-74.17175,4.69352],[-74.17143,4.69334],[-74.17127,4.6931],[-74.17052,4.69059],[-74.17013,4.68988],[-74.1695,4.68936],[-74.16825,4.68882],[-74.16774,4.68833],[-74.16764,4.68802],[-74.16774,4.68758],[-74.16849,4.68688],[-74.16902,4.68663],[-74.16951,4.68622],[-74.17007,4.68558],[-74.17109,4.68413],[-74.17259,4.68318],[-74.17369,4.68261],[-74.17386,4.68234],[-74.17409,4.68123],[-74.17425,4.67964],[-74.17452,4.67861],[-74.17501,4.67738],[-74.17499,4.67682],[-74.17485,4.67657],[-74.17423,4.67629],[-74.17393,4.67597],[-74.17226,4.67494],[-74.17151,4.67434],[-74.17125,4.67444],[-74.17111,4.67477],[-74.17117,4.67644],[-74.1711,4.67701],[-74.171,4.67718],[-74.17079,4.67731],[-74.17055,4.67721],[-74.1701,4.67578],[-74.1699,4.67539],[-74.16971,4.67532],[-74.16951,4.67536],[-74.16923,4.67548],[-74.16718,4.67761],[-74.16648,4.6781],[-74.16588,4.67818],[-74.1656,4.67771],[-74.16534,4.67578],[-74.16502,4.67557],[-74.16455,4.67567],[-74.16146,4.67738],[-74.16095,4.67771],[-74.16023,4.67831],[-74.16014,4.67854],[-74.16023,4.67882],[-74.16082,4.67941],[-74.16197,4.6802],[-74.16221,4.68067],[-74.16225,4.68101],[-74.16084,4.68247],[-74.16006,4.68296],[-74.15956,4.68298],[-74.15894,4.6826],[-74.15843,4.68199],[-74.15735,4.68027],[-74.15713,4.67984],[-74.15698,4.67931],[-74.15686,4.6784],[-74.15703,4.67808],[-74.1576,4.6774],[-74.15865,4.67686],[-74.15993,4.67644],[-74.16133,4.6761],[-74.16202,4.67565],[-74.16242,4.67529],[-74.163,4.67431],[-74.16332,4.67349],[-74.1635,4.673],[-74.16353,4.67242],[-74.1637,4.67183],[-74.16411,4.6713],[-74.16445,4.67111],[-74.16477,4.67108],[-74.16502,4.67128],[-74.16521,4.67211],[-74.1656,4.673],[-74.16611,4.67327],[-74.16644,4.67327],[-74.16765,4.67272],[-74.16858,4.67238],[-74.16863,4.67244],[-74.16933,4.67214],[-74.16984,4.67178],[-74.17026,4.6713],[-74.17059,4.67074],[-74.17061,4.67039],[-74.17047,4.66985],[-74.17017,4.66926],[-74.16976,4.66894],[-74.16857,4.66854],[-74.1671,4.66831],[-74.16597,4.66799],[-74.16469,4.66746],[-74.16412,4.6673],[-74.16283,4.66716],[-74.16068,4.66712],[-74.16042,4.66682],[-74.16038,4.66662],[-74.16075,4.6661],[-74.16097,4.66563],[-74.16106,4.66473],[-74.16062,4.66441],[-74.15897,4.66399],[-74.15852,4.66365],[-74.15848,4.66279],[-74.15857,4.66274]]]}},{"type":"Feature","properties":{"nombre":"Engativá","codigo":"10","tono":2,"etiqueta":[4.71125,-74.11675],"zoomEtiqueta":10},"geometry":{"type":"Polygon","coordinates":[[[-74.15547,4.71798],[-74.15478,4.71764],[-74.12295,4.69362],[-74.12038,4.69222],[-74.1184,4.68865],[-74.12145,4.68666],[-74.12405,4.68554],[-74.12465,4.6848],[-74.12248,4.68297],[-74.12168,4.68211],[-74.1209,4.68101],[-74.10342,4.65351],[-74.08935,4.67171],[-74.08554,4.67843],[-74.08518,4.67894],[-74.0841,4.67997],[-74.07733,4.68536],[-74.07884,4.68754],[-74.0792,4.68849],[-74.07945,4.68954],[-74.07961,4.68984],[-74.08028,4.69056],[-74.08034,4.69076],[-74.0803,4.69119],[-74.08038,4.69181],[-74.08095,4.69314],[-74.08109,4.69326],[-74.08137,4.69321],[-74.08185,4.69327],[-74.08243,4.69344],[-74.08366,4.69387],[-74.08467,4.69437],[-74.08514,4.69502],[-74.08538,4.69639],[-74.08557,4.69689],[-74.08589,4.69734],[-74.08637,4.69765],[-74.08732,4.69807],[-74.08776,4.69858],[-74.08837,4.69853],[-74.08854,4.69979],[-74.08828,4.70035],[-74.08849,4.70093],[-74.08817,4.70219],[-74.08811,4.70407],[-74.08785,4.70445],[-74.08799,4.70565],[-74.08816,4.70594],[-74.08964,4.70686],[-74.08974,4.70702],[-74.08982,4.70723],[-74.08955,4.70759],[-74.08968,4.70842],[-74.08982,4.70858],[-74.09037,4.70851],[-74.09049,4.70865],[-74.09055,4.70885],[-74.09044,4.7094],[-74.09047,4.70969],[-74.09087,4.7105],[-74.09104,4.71068],[-74.09122,4.71071],[-74.092,4.71038],[-74.09225,4.7104],[-74.09335,4.71136],[-74.09361,4.71198],[-74.09344,4.71289],[-74.09351,4.71319],[-74.09401,4.71377],[-74.09446,4.71403],[-74.09499,4.71489],[-74.09524,4.71583],[-74.09535,4.71599],[-74.09557,4.7161],[-74.09601,4.71669],[-74.09668,4.71738],[-74.09689,4.71746],[-74.09759,4.71738],[-74.09812,4.71765],[-74.0983,4.71766],[-74.09886,4.71746],[-74.09958,4.71778],[-74.09984,4.718],[-74.10014,4.71834],[-74.10037,4.71895],[-74.10037,4.71977],[-74.10048,4.72031],[-74.10039,4.72081],[-74.10047,4.7214],[-74.10056,4.72156],[-74.10078,4.72167],[-74.1019,4.72197],[-74.10214,4.7221],[-74.10235,4.72226],[-74.10286,4.72298],[-74.10369,4.72348],[-74.10398,4.72375],[-74.10407,4.72401],[-74.10408,4.72455],[-74.10398,4.72559],[-74.10409,4.72582],[-74.10423,4.72593],[-74.10486,4.7261],[-74.10589,4.72609],[-74.10636,4.72588],[-74.1066,4.72587],[-74.10727,4.72639],[-74.10742,4.72661],[-74.10772,4.72672],[-74.10868,4.72743],[-74.1089,4.72761],[-74.10974,4.72911],[-74.10999,4.72934],[-74.11036,4.72951],[-74.11106,4.7296],[-74.11131,4.72971],[-74.11236,4.73066],[-74.11287,4.73125],[-74.11303,4.73155],[-74.11331,4.7318],[-74.11403,4.73205],[-74.11413,4.73226],[-74.11413,4.73348],[-74.1146,4.73469],[-74.11601,4.73502],[-74.11652,4.73568],[-74.11693,4.73602],[-74.11782,4.73625],[-74.11865,4.7363],[-74.119,4.73641],[-74.11965,4.73682],[-74.1206,4.73788],[-74.12057,4.73931],[-74.12069,4.73944],[-74.12157,4.73958],[-74.12216,4.7396],[-74.12545,4.74012],[-74.12613,4.74002],[-74.12654,4.73984],[-74.12716,4.73931],[-74.12742,4.73885],[-74.12738,4.73731],[-74.12663,4.73704],[-74.12666,4.73668],[-74.12721,4.73645],[-74.12791,4.7363],[-74.1283,4.73596],[-74.12835,4.73528],[-74.12815,4.734],[-74.12754,4.73225],[-74.12733,4.73186],[-74.12632,4.73059],[-74.12613,4.73019],[-74.12603,4.72966],[-74.12654,4.72896],[-74.12718,4.72842],[-74.12763,4.72793],[-74.12815,4.72718],[-74.12861,4.72674],[-74.12893,4.72677],[-74.12965,4.7284],[-74.1296,4.72952],[-74.12939,4.72997],[-74.12954,4.73033],[-74.13058,4.73087],[-74.13098,4.73088],[-74.13143,4.73071],[-74.13155,4.73019],[-74.13195,4.72976],[-74.13244,4.72934],[-74.13317,4.72894],[-74.135,4.72832],[-74.13557,4.72829],[-74.13601,4.72829],[-74.13619,4.7284],[-74.13692,4.73046],[-74.13707,4.7307],[-74.13739,4.73073],[-74.13807,4.73058],[-74.14035,4.72949],[-74.1424,4.72905],[-74.14288,4.72888],[-74.14857,4.72589],[-74.14923,4.72546],[-74.15036,4.72369],[-74.15072,4.72291],[-74.1511,4.72273],[-74.15208,4.72277],[-74.1537,4.72317],[-74.15541,4.72324],[-74.15653,4.72347],[-74.15711,4.72371],[-74.15749,4.72416],[-74.15751,4.72433],[-74.15735,4.72445],[-74.15702,4.725],[-74.15689,4.72547],[-74.15708,4.72557],[-74.15794,4.72553],[-74.15856,4.72517],[-74.15901,4.72478],[-74.15941,4.7243],[-74.15977,4.72384],[-74.16007,4.72327],[-74.16025,4.72272],[-74.16048,4.72151],[-74.16048,4.72097],[-74.16034,4.72023],[-74.16012,4.71997],[-74.15922,4.7197],[-74.1587,4.71939],[-74.15792,4.71874],[-74.15678,4.71745],[-74.15635,4.71718],[-74.15624,4.71739],[-74.15616,4.71801],[-74.15598,4.71819],[-74.15547,4.71798]]]}},{"type":"Feature","properties":{"nombre":"Suba","codigo":"11","tono":0,"etiqueta":[4.75378,-74.08216],"zoomEtiqueta":10},"geometry":{"type":"Polygon","coordinates":[[[-74.0345,4.82547],[-74.04079,4.8265],[-74.04099,4.82745],[-74.04115,4.82888],[-74.04355,4.83207],[-74.04415,4.833],[-74.04432,4.83303],[-74.04447,4.83278],[-74.04526,4.83094],[-74.04554,4.83053],[-74.04635,4.83012],[-74.04659,4.83011],[-74.04756,4.83057],[-74.04826,4.83239],[-74.04932,4.83476],[-74.04996,4.83517],[-74.05011,4.83494],[-74.05003,4.83454],[-74.04957,4.83242],[-74.0493,4.83161],[-74.04907,4.83119],[-74.04901,4.83064],[-74.04928,4.83046],[-74.0503,4.83053],[-74.05067,4.83088],[-74.05185,4.83236],[-74.05277,4.83306],[-74.0533,4.83309],[-74.05362,4.83275],[-74.05362,4.83228],[-74.05385,4.83136],[-74.05429,4.83056],[-74.05498,4.82987],[-74.05545,4.82957],[-74.05602,4.82885],[-74.0563,4.8288],[-74.05779,4.82906],[-74.05903,4.82895],[-74.06021,4.82863],[-74.0604,4.82828],[-74.06021,4.82793],[-74.06021,4.82764],[-74.06066,4.82744],[-74.06089,4.82771],[-74.06128,4.82883],[-74.06145,4.82911],[-74.06192,4.83065],[-74.06269,4.83218],[-74.0628,4.83264],[-74.06283,4.83354],[-74.06261,4.83467],[-74.06261,4.8352],[-74.06279,4.83551],[-74.063,4.8356],[-74.06324,4.83542],[-74.06342,4.83516],[-74.06383,4.83427],[-74.06411,4.83395],[-74.06418,4.83365],[-74.06411,4.83291],[-74.06385,4.8317],[-74.06385,4.83121],[-74.0641,4.83044],[-74.06449,4.83021],[-74.06466,4.83043],[-74.065,4.83187],[-74.06503,4.83221],[-74.06476,4.83335],[-74.06473,4.83377],[-74.06496,4.83487],[-74.06523,4.83539],[-74.06551,4.83547],[-74.06607,4.83537],[-74.06631,4.8351],[-74.06709,4.83355],[-74.06739,4.83265],[-74.06744,4.83169],[-74.06734,4.83006],[-74.06698,4.82834],[-74.06697,4.82806],[-74.06708,4.82797],[-74.06729,4.82801],[-74.068,4.82843],[-74.06869,4.82863],[-74.06933,4.8286],[-74.07027,4.82835],[-74.07074,4.8284],[-74.07089,4.82928],[-74.07085,4.83122],[-74.07097,4.83204],[-74.07135,4.83327],[-74.07171,4.83416],[-74.0722,4.83487],[-74.07283,4.83555],[-74.07361,4.83616],[-74.07454,4.83667],[-74.07562,4.83678],[-74.0768,4.83669],[-74.0796,4.83568],[-74.08047,4.83534],[-74.08294,4.83401],[-74.0838,4.83337],[-74.08475,4.83293],[-74.08572,4.8326],[-74.08655,4.83219],[-74.08671,4.83184],[-74.0865,4.83154],[-74.08587,4.83119],[-74.08516,4.83042],[-74.08432,4.82969],[-74.08304,4.82812],[-74.08254,4.82729],[-74.08097,4.82558],[-74.08018,4.82498],[-74.07987,4.82386],[-74.07939,4.82299],[-74.07895,4.82111],[-74.07937,4.82034],[-74.07988,4.81981],[-74.081,4.81837],[-74.08164,4.81668],[-74.08202,4.81638],[-74.08253,4.81689],[-74.08278,4.81798],[-74.08222,4.81889],[-74.08231,4.81954],[-74.08287,4.82069],[-74.08342,4.82214],[-74.085,4.82114],[-74.08543,4.82106],[-74.08605,4.82116],[-74.08657,4.82103],[-74.08679,4.81768],[-74.08697,4.81712],[-74.08712,4.81602],[-74.08692,4.8155],[-74.08605,4.81506],[-74.08424,4.81469],[-74.08317,4.81433],[-74.08291,4.81364],[-74.08354,4.8134],[-74.08423,4.81329],[-74.08495,4.81298],[-74.08468,4.81212],[-74.08244,4.81088],[-74.08004,4.80999],[-74.07975,4.80938],[-74.07995,4.80851],[-74.08053,4.80786],[-74.08126,4.8074],[-74.08191,4.80723],[-74.08419,4.80567],[-74.08546,4.80509],[-74.08712,4.80398],[-74.08848,4.80331],[-74.08877,4.8029],[-74.08758,4.8025],[-74.0871,4.80206],[-74.0871,4.8017],[-74.08838,4.8014],[-74.089,4.80139],[-74.08843,4.79974],[-74.08832,4.79911],[-74.0886,4.79817],[-74.08928,4.7976],[-74.09006,4.79784],[-74.0908,4.79764],[-74.09152,4.79718],[-74.09157,4.79669],[-74.09106,4.79642],[-74.09043,4.79624],[-74.0897,4.79617],[-74.08726,4.79681],[-74.08718,4.79621],[-74.08754,4.79563],[-74.08808,4.79527],[-74.08938,4.79415],[-74.08991,4.79348],[-74.09129,4.79258],[-74.0935,4.79089],[-74.09387,4.7908],[-74.09402,4.79107],[-74.09533,4.7939],[-74.09588,4.79562],[-74.09588,4.79876],[-74.09607,4.79924],[-74.09682,4.79905],[-74.09794,4.7986],[-74.10071,4.79911],[-74.10131,4.79863],[-74.10167,4.79794],[-74.10192,4.79717],[-74.10203,4.79644],[-74.10239,4.79569],[-74.10276,4.79525],[-74.1035,4.79488],[-74.10386,4.79501],[-74.10369,4.79551],[-74.10314,4.7961],[-74.1028,4.79663],[-74.10278,4.79715],[-74.10317,4.79742],[-74.10387,4.79748],[-74.10466,4.7973],[-74.10525,4.79687],[-74.10629,4.79509],[-74.10649,4.79439],[-74.10762,4.79205],[-74.10788,4.791],[-74.10805,4.78885],[-74.10851,4.78857],[-74.1092,4.78836],[-74.11162,4.78721],[-74.11212,4.7882],[-74.11216,4.78865],[-74.11239,4.78943],[-74.11161,4.78963],[-74.1111,4.78945],[-74.11055,4.78952],[-74.11005,4.78983],[-74.11004,4.79034],[-74.11042,4.79065],[-74.11104,4.79053],[-74.11231,4.7906],[-74.11295,4.79023],[-74.11363,4.78865],[-74.11388,4.78823],[-74.11435,4.78689],[-74.11417,4.78654],[-74.11315,4.786],[-74.11267,4.78596],[-74.11232,4.78564],[-74.1121,4.78534],[-74.11225,4.78447],[-74.11265,4.78449],[-74.11304,4.78462],[-74.11348,4.78503],[-74.11433,4.78561],[-74.11475,4.78564],[-74.11496,4.78536],[-74.11437,4.78225],[-74.11474,4.782],[-74.11581,4.78174],[-74.11699,4.78118],[-74.1172,4.7807],[-74.11713,4.78029],[-74.1152,4.78087],[-74.11471,4.78093],[-74.11438,4.78059],[-74.11435,4.78006],[-74.11466,4.77947],[-74.11506,4.77906],[-74.11688,4.77819],[-74.11721,4.77779],[-74.11719,4.7775],[-74.11683,4.77744],[-74.11582,4.7777],[-74.11535,4.77815],[-74.11466,4.77859],[-74.11391,4.7787],[-74.11388,4.77812],[-74.11438,4.77698],[-74.1151,4.77372],[-74.11615,4.77285],[-74.11652,4.77244],[-74.11661,4.77204],[-74.11611,4.77198],[-74.11568,4.77207],[-74.11535,4.77227],[-74.11488,4.77231],[-74.11434,4.77198],[-74.11469,4.77057],[-74.11582,4.7693],[-74.11676,4.76884],[-74.11774,4.76803],[-74.11815,4.76753],[-74.1183,4.76678],[-74.11768,4.76647],[-74.11714,4.76669],[-74.11643,4.76751],[-74.1157,4.76799],[-74.11545,4.76722],[-74.11541,4.76638],[-74.11612,4.76438],[-74.11683,4.76179],[-74.1177,4.76162],[-74.11862,4.76161],[-74.12013,4.76115],[-74.12086,4.76046],[-74.12124,4.75982],[-74.12119,4.7592],[-74.12076,4.75778],[-74.12056,4.75597],[-74.12024,4.7544],[-74.12041,4.7542],[-74.12524,4.75397],[-74.12542,4.75346],[-74.12482,4.75274],[-74.12421,4.75218],[-74.12324,4.74991],[-74.12295,4.74884],[-74.1225,4.74775],[-74.12268,4.74726],[-74.12338,4.74742],[-74.12347,4.74812],[-74.12398,4.7496],[-74.12428,4.75004],[-74.1252,4.75048],[-74.12605,4.75074],[-74.12725,4.75064],[-74.12754,4.74983],[-74.12758,4.74931],[-74.12712,4.74931],[-74.12614,4.74949],[-74.12586,4.74926],[-74.12566,4.74902],[-74.12545,4.74831],[-74.12538,4.74755],[-74.12557,4.74706],[-74.12641,4.74668],[-74.12687,4.7463],[-74.12741,4.74615],[-74.12908,4.74634],[-74.13007,4.74592],[-74.13033,4.74541],[-74.13052,4.74464],[-74.13073,4.74311],[-74.13132,4.74182],[-74.13186,4.74109],[-74.13199,4.74028],[-74.13168,4.73975],[-74.13052,4.73918],[-74.12965,4.73899],[-74.12944,4.73783],[-74.12923,4.73747],[-74.1288,4.73735],[-74.12738,4.73731],[-74.12742,4.73885],[-74.12716,4.73931],[-74.12678,4.73966],[-74.12613,4.74002],[-74.12545,4.74012],[-74.12216,4.7396],[-74.12157,4.73958],[-74.12069,4.73944],[-74.12057,4.73931],[-74.1206,4.73788],[-74.11965,4.73682],[-74.119,4.73641],[-74.11865,4.7363],[-74.11782,4.73625],[-74.11693,4.73602],[-74.11652,4.73568],[-74.11601,4.73502],[-74.1146,4.73469],[-74.11413,4.73348],[-74.11413,4.73226],[-74.11403,4.73205],[-74.11331,4.7318],[-74.11303,4.73155],[-74.11287,4.73125],[-74.11236,4.73066],[-74.11131,4.72971],[-74.11106,4.7296],[-74.11036,4.72951],[-74.10999,4.72934],[-74.10974,4.72911],[-74.1089,4.72761],[-74.10868,4.72743],[-74.10772,4.72672],[-74.10742,4.72661],[-74.10727,4.72639],[-74.1066,4.72587],[-74.10636,4.72588],[-74.10589,4.72609],[-74.10486,4.7261],[-74.10423,4.72593],[-74.10409,4.72582],[-74.10398,4.72559],[-74.10408,4.72455],[-74.10407,4.72401],[-74.10398,4.72375],[-74.10369,4.72348],[-74.10286,4.72298],[-74.10235,4.72226],[-74.10214,4.7221],[-74.1019,4.72197],[-74.10078,4.72167],[-74.10056,4.72156],[-74.10047,4.7214],[-74.10039,4.72081],[-74.10048,4.72031],[-74.10037,4.71977],[-74.10037,4.71895],[-74.10014,4.71834],[-74.09984,4.718],[-74.09958,4.71778],[-74.09886,4.71746],[-74.0983,4.71766],[-74.09812,4.71765],[-74.09759,4.71738],[-74.09689,4.71746],[-74.09668,4.71738],[-74.09601,4.71669],[-74.09557,4.7161],[-74.09535,4.71599],[-74.09524,4.71583],[-74.09499,4.71489],[-74.09446,4.71403],[-74.09401,4.71377],[-74.09351,4.71319],[-74.09344,4.71289],[-74.09361,4.71198],[-74.09335,4.71136],[-74.09225,4.7104],[-74.092,4.71038],[-74.09122,4.71071],[-74.09104,4.71068],[-74.09087,4.7105],[-74.09047,4.70969],[-74.09044,4.7094],[-74.09055,4.70885],[-74.09049,4.70865],[-74.09037,4.70851],[-74.08982,4.70858],[-74.08968,4.70842],[-74.08955,4.70759],[-74.08982,4.70723],[-74.08974,4.70702],[-74.08964,4.70686],[-74.08816,4.70594],[-74.08799,4.70565],[-74.08785,4.70445],[-74.08811,4.70407],[-74.08817,4.70219],[-74.08849,4.70093],[-74.08828,4.70035],[-74.08854,4.69979],[-74.08837,4.69853],[-74.08776,4.69858],[-74.08732,4.69807],[-74.08637,4.69765],[-74.08589,4.69734],[-74.08557,4.69689],[-74.08538,4.69639],[-74.08514,4.69502],[-74.08467,4.69437],[-74.08366,4.69387],[-74.08243,4.69344],[-74.08185,4.69327],[-74.08137,4.69321],[-74.08109,4.69326],[-74.08095,4.69314],[-74.08038,4.69181],[-74.0803,4.69119],[-74.08034,4.69076],[-74.08028,4.69056],[-74.07961,4.68984],[-74.07945,4.68954],[-74.0792,4.68849],[-74.07884,4.68754],[-74.07733,4.68536],[-74.07393,4.68806],[-74.07275,4.68875],[-74.07116,4.68936],[-74.06909,4.68966],[-74.06739,4.68949],[-74.06545,4.6891],[-74.05725,4.68684],[-74.04684,4.74882],[-74.04673,4.75105],[-74.04214,4.77702],[-74.03508,4.8205],[-74.03501,4.82314],[-74.0345,4.82547]]]}},{"type":"Feature","properties":{"nombre":"Barrios Unidos","codigo":"12","tono":1,"etiqueta":[4.66635,-74.07558],"zoomEtiqueta":10},"geometry":{"type":"Polygon","coordinates":[[[-74.05725,4.68684],[-74.06545,4.6891],[-74.06662,4.68936],[-74.06909,4.68966],[-74.07116,4.68936],[-74.07275,4.68875],[-74.07393,4.68806],[-74.0841,4.67997],[-74.08518,4.67894],[-74.08554,4.67843],[-74.08935,4.67171],[-74.09372,4.66607],[-74.0929,4.66543],[-74.09201,4.66441],[-74.0912,4.66313],[-74.08668,4.65668],[-74.0857,4.65514],[-74.08483,4.65417],[-74.08361,4.65335],[-74.08221,4.65277],[-74.07761,4.65186],[-74.06463,4.64965],[-74.06413,4.65239],[-74.06383,4.65331],[-74.06347,4.65424],[-74.06285,4.65507],[-74.06251,4.65573],[-74.05725,4.68684]]]}},{"type":"Feature","properties":{"nombre":"Teusaquillo","codigo":"13","tono":0,"etiqueta":[4.63899,-74.08471],"zoomEtiqueta":11},"geometry":{"type":"Polygon","coordinates":[[[-74.09372,4.66607],[-74.10775,4.64786],[-74.11045,4.64514],[-74.09145,4.62572],[-74.0832,4.6247],[-74.07883,4.62389],[-74.07283,4.61542],[-74.0703,4.62023],[-74.06971,4.62164],[-74.06619,4.64146],[-74.06463,4.64965],[-74.08052,4.65242],[-74.08221,4.65277],[-74.08361,4.65335],[-74.08483,4.65417],[-74.08546,4.65483],[-74.0912,4.66313],[-74.09171,4.664],[-74.09236,4.66487],[-74.0929,4.66543],[-74.09372,4.66607]]]}},{"type":"Feature","properties":{"nombre":"Los Mártires","codigo":"14","tono":2,"etiqueta":[4.6014,-74.0916],"zoomEtiqueta":11},"geometry":{"type":"Polygon","coordinates":[[[-74.07283,4.61542],[-74.07883,4.62389],[-74.0832,4.6247],[-74.09912,4.60502],[-74.10037,4.60367],[-74.10211,4.60201],[-74.10707,4.59824],[-74.10403,4.59584],[-74.10371,4.59545],[-74.10361,4.59509],[-74.1032,4.59466],[-74.1027,4.59479],[-74.09908,4.59492],[-74.09072,4.59253],[-74.089,4.59182],[-74.08532,4.59624],[-74.08319,4.59896],[-74.08111,4.60204],[-74.0767,4.60808],[-74.07593,4.60934],[-74.07443,4.61216],[-74.07283,4.61542]]]}},{"type":"Feature","properties":{"nombre":"Antonio Nariño","codigo":"15","tono":0,"etiqueta":[4.58622,-74.0963],"zoomEtiqueta":11},"geometry":{"type":"Polygon","coordinates":[[[-74.13075,4.59335],[-74.12803,4.59254],[-74.12523,4.59028],[-74.12447,4.58996],[-74.11686,4.58845],[-74.11505,4.58833],[-74.11278,4.58857],[-74.11007,4.58866],[-74.10933,4.58883],[-74.10888,4.58923],[-74.10266,4.58137],[-74.09458,4.5758],[-74.09036,4.58141],[-74.08493,4.58932],[-74.089,4.59182],[-74.09072,4.59253],[-74.09908,4.59492],[-74.1027,4.59479],[-74.1032,4.59466],[-74.10361,4.59509],[-74.10371,4.59545],[-74.10403,4.59584],[-74.10707,4.59824],[-74.1091,4.59783],[-74.11158,4.59661],[-74.11344,4.59581],[-74.11463,4.59538],[-74.1209,4.59378],[-74.12214,4.59356],[-74.12635,4.59325],[-74.13075,4.59335]]]}},{"type":"Feature","properties":{"nombre":"Puente Aranda","codigo":"16","tono":1,"etiqueta":[4.61952,-74.10853],"zoomEtiqueta":10},"geometry":{"type":"Polygon","coordinates":[[[-74.1183,4.63741],[-74.11925,4.6365],[-74.11952,4.63611],[-74.1245,4.62392],[-74.12855,4.61071],[-74.12927,4.60885],[-74.13026,4.60696],[-74.13731,4.59621],[-74.13777,4.59489],[-74.13165,4.59363],[-74.13075,4.59335],[-74.12635,4.59325],[-74.12214,4.59356],[-74.11951,4.59412],[-74.11463,4.59538],[-74.11344,4.59581],[-74.11158,4.59661],[-74.1091,4.59783],[-74.10707,4.59824],[-74.10211,4.60201],[-74.10037,4.60367],[-74.09912,4.60502],[-74.0832,4.6247],[-74.09145,4.62572],[-74.11045,4.64514],[-74.11504,4.64053],[-74.1183,4.63741]]]}},{"type":"Feature","properties":{"nombre":"La Candelaria","codigo":"17","tono":0,"etiqueta":[4.59563,-74.07427],"zoomEtiqueta":12},"geometry":{"type":"Polygon","coordinates":[[[-74.06621,4.60317],[-74.06682,4.60294],[-74.06716,4.60273],[-74.06747,4.60238],[-74.06794,4.60156],[-74.06859,4.60112],[-74.06949,4.60078],[-74.07023,4.6008],[-74.07107,4.60061],[-74.07263,4.60095],[-74.07482,4.60223],[-74.07549,4.60226],[-74.0767,4.60211],[-74.07701,4.60174],[-74.07846,4.59946],[-74.08144,4.59459],[-74.08095,4.59248],[-74.08063,4.59169],[-74.08001,4.59122],[-74.07942,4.591],[-74.07906,4.59097],[-74.0784,4.59115],[-74.07806,4.59113],[-74.07569,4.5898],[-74.07536,4.58979],[-74.07458,4.58998],[-74.07412,4.5899],[-74.07386,4.58977],[-74.07343,4.58932],[-74.07278,4.58899],[-74.07252,4.589],[-74.07228,4.58911],[-74.0713,4.58995],[-74.07101,4.59074],[-74.07058,4.59146],[-74.07014,4.59099],[-74.06905,4.59059],[-74.06879,4.59017],[-74.06861,4.59013],[-74.06844,4.58987],[-74.06832,4.58994],[-74.06808,4.59047],[-74.06833,4.59052],[-74.06831,4.59062],[-74.06823,4.59074],[-74.06805,4.59066],[-74.06798,4.59082],[-74.06828,4.59101],[-74.06818,4.59144],[-74.0682,4.59193],[-74.06813,4.59203],[-74.06793,4.59207],[-74.06781,4.5923],[-74.06784,4.59239],[-74.06807,4.59236],[-74.068,4.5927],[-74.06817,4.59293],[-74.06829,4.59358],[-74.06808,4.59366],[-74.06762,4.59455],[-74.06733,4.59488],[-74.06695,4.59578],[-74.06682,4.59669],[-74.06637,4.59729],[-74.06593,4.59755],[-74.0651,4.59725],[-74.06489,4.59727],[-74.06471,4.59741],[-74.06471,4.5977],[-74.06493,4.59811],[-74.06509,4.59886],[-74.06504,4.59906],[-74.0643,4.5997],[-74.06384,4.59923],[-74.06345,4.59919],[-74.06265,4.59973],[-74.06219,4.60023],[-74.062,4.60023],[-74.06164,4.60005],[-74.06138,4.60008],[-74.06091,4.60057],[-74.06019,4.6006],[-74.05963,4.60089],[-74.05939,4.6011],[-74.05926,4.60138],[-74.0593,4.60173],[-74.05955,4.60198],[-74.061,4.60274],[-74.06231,4.60326],[-74.06352,4.60319],[-74.06406,4.60304],[-74.06465,4.60337],[-74.065,4.60341],[-74.06621,4.60317]]]}},{"type":"Feature","properties":{"nombre":"Rafael Uribe Uribe","codigo":"18","tono":1,"etiqueta":[4.57441,-74.1134],"zoomEtiqueta":11},"geometry":{"type":"Polygon","coordinates":[[[-74.12803,4.59254],[-74.12829,4.59265],[-74.12861,4.58664],[-74.12933,4.58628],[-74.12993,4.58608],[-74.13088,4.5859],[-74.12942,4.58008],[-74.12828,4.58019],[-74.1279,4.57857],[-74.12526,4.56957],[-74.12546,4.56901],[-74.12662,4.56694],[-74.12663,4.56649],[-74.12507,4.56369],[-74.12485,4.5622],[-74.12373,4.55974],[-74.1235,4.55936],[-74.12292,4.55879],[-74.12233,4.55799],[-74.12188,4.55711],[-74.12157,4.55617],[-74.1214,4.55501],[-74.12115,4.54543],[-74.12013,4.54432],[-74.11893,4.54273],[-74.11844,4.5424],[-74.11826,4.54216],[-74.11773,4.54226],[-74.11726,4.54194],[-74.11708,4.54156],[-74.11663,4.54114],[-74.11633,4.54064],[-74.11577,4.54056],[-74.11562,4.54039],[-74.1152,4.54045],[-74.11483,4.54038],[-74.11444,4.54051],[-74.11383,4.5404],[-74.11325,4.54044],[-74.1129,4.54032],[-74.11257,4.54038],[-74.1127,4.54132],[-74.11263,4.54133],[-74.11262,4.54156],[-74.1125,4.54169],[-74.11238,4.54168],[-74.11072,4.54061],[-74.11077,4.54057],[-74.11013,4.53998],[-74.1088,4.53936],[-74.10837,4.53932],[-74.10741,4.53954],[-74.10661,4.53947],[-74.10647,4.53904],[-74.10575,4.53837],[-74.10514,4.53762],[-74.10341,4.53684],[-74.10293,4.53651],[-74.10155,4.53715],[-74.10139,4.53682],[-74.10107,4.53645],[-74.10071,4.53693],[-74.10009,4.53686],[-74.0996,4.536],[-74.09897,4.53531],[-74.09859,4.53494],[-74.09815,4.53495],[-74.09861,4.53621],[-74.09884,4.53721],[-74.09939,4.53738],[-74.09966,4.53784],[-74.09989,4.5379],[-74.10004,4.53841],[-74.10055,4.53951],[-74.1008,4.54042],[-74.10135,4.54071],[-74.10119,4.54096],[-74.10195,4.54194],[-74.10235,4.54274],[-74.10315,4.54393],[-74.10371,4.54552],[-74.10322,4.54551],[-74.10279,4.54566],[-74.1023,4.54597],[-74.10259,4.54628],[-74.10273,4.54656],[-74.10318,4.54693],[-74.10303,4.54728],[-74.10273,4.54894],[-74.10293,4.54993],[-74.10286,4.5504],[-74.10251,4.55133],[-74.10251,4.55189],[-74.10227,4.55274],[-74.1023,4.55332],[-74.10209,4.55372],[-74.10203,4.55416],[-74.10186,4.55457],[-74.10176,4.55591],[-74.10187,4.55632],[-74.10238,4.55712],[-74.1035,4.55986],[-74.10418,4.56114],[-74.10443,4.56153],[-74.1057,4.56283],[-74.10627,4.5639],[-74.10538,4.5642],[-74.10488,4.56446],[-74.10434,4.56489],[-74.1025,4.5668],[-74.09458,4.5758],[-74.10266,4.58137],[-74.10888,4.58923],[-74.10933,4.58883],[-74.11007,4.58866],[-74.11278,4.58857],[-74.11505,4.58833],[-74.11686,4.58845],[-74.12447,4.58996],[-74.12523,4.59028],[-74.12803,4.59254]]]}},{"type":"Feature","properties":{"nombre":"Ciudad Bolívar","codigo":"19","tono":1,"etiqueta":[4.49198,-74.15199],"zoomEtiqueta":10},"geometry":{"type":"Polygon","coordinates":[[[-74.21092,4.38691],[-74.20379,4.38632],[-74.20295,4.38612],[-74.20067,4.38668],[-74.19961,4.38713],[-74.19761,4.38726],[-74.19636,4.38704],[-74.19509,4.38714],[-74.19319,4.38673],[-74.19199,4.38603],[-74.19022,4.38589],[-74.18815,4.38527],[-74.18552,4.38492],[-74.18481,4.38506],[-74.1843,4.38503],[-74.18335,4.38447],[-74.18207,4.38398],[-74.18155,4.38366],[-74.18024,4.38392],[-74.18001,4.38453],[-74.17996,4.38515],[-74.17976,4.38577],[-74.17848,4.38697],[-74.17809,4.38767],[-74.17727,4.38856],[-74.17665,4.38865],[-74.17567,4.38841],[-74.17376,4.38723],[-74.17101,4.386],[-74.17027,4.38605],[-74.16965,4.38591],[-74.16781,4.38519],[-74.16717,4.38531],[-74.16661,4.38558],[-74.16549,4.38704],[-74.16404,4.38775],[-74.1635,4.3882],[-74.16327,4.38858],[-74.16313,4.38929],[-74.16269,4.38961],[-74.1613,4.38915],[-74.16076,4.38922],[-74.15972,4.38993],[-74.15859,4.39016],[-74.1578,4.38996],[-74.1573,4.38952],[-74.15683,4.38932],[-74.15545,4.38934],[-74.15473,4.38912],[-74.15417,4.38881],[-74.15367,4.3888],[-74.15293,4.38849],[-74.15202,4.38789],[-74.15121,4.38723],[-74.15049,4.38714],[-74.14931,4.38777],[-74.14803,4.38694],[-74.14762,4.38692],[-74.14733,4.38709],[-74.14684,4.38721],[-74.1464,4.38785],[-74.14609,4.38799],[-74.14545,4.3879],[-74.14446,4.38819],[-74.14355,4.38775],[-74.14272,4.38777],[-74.14245,4.38849],[-74.1424,4.39053],[-74.14183,4.3912],[-74.14129,4.39159],[-74.14113,4.39209],[-74.14139,4.39343],[-74.14214,4.39446],[-74.14241,4.39498],[-74.14278,4.39511],[-74.14289,4.39525],[-74.14301,4.39653],[-74.1433,4.39775],[-74.14318,4.39926],[-74.14327,4.39945],[-74.14352,4.39951],[-74.14339,4.40005],[-74.14384,4.4003],[-74.14379,4.40129],[-74.14427,4.40256],[-74.14432,4.40344],[-74.14402,4.4042],[-74.14429,4.40478],[-74.14422,4.40578],[-74.14347,4.4071],[-74.14331,4.40827],[-74.14346,4.40894],[-74.1442,4.41089],[-74.1442,4.41154],[-74.14396,4.41301],[-74.14461,4.41389],[-74.14484,4.41476],[-74.14504,4.41515],[-74.14484,4.41537],[-74.14498,4.4156],[-74.14502,4.41681],[-74.14471,4.4188],[-74.14445,4.41936],[-74.14395,4.41973],[-74.14374,4.42004],[-74.144,4.42063],[-74.14472,4.42142],[-74.14481,4.4217],[-74.14457,4.42298],[-74.14476,4.4248],[-74.14475,4.42576],[-74.1446,4.42609],[-74.14411,4.42629],[-74.14395,4.42652],[-74.14375,4.42865],[-74.14335,4.43076],[-74.14343,4.43128],[-74.14373,4.43217],[-74.14385,4.43297],[-74.14356,4.43342],[-74.14272,4.43383],[-74.14258,4.43402],[-74.1433,4.43522],[-74.14345,4.43585],[-74.1436,4.43773],[-74.14334,4.43862],[-74.14321,4.43988],[-74.14349,4.44112],[-74.14356,4.44223],[-74.14381,4.44276],[-74.14436,4.44353],[-74.14452,4.44415],[-74.14456,4.44548],[-74.14435,4.44673],[-74.14424,4.44828],[-74.14401,4.44895],[-74.14313,4.45027],[-74.1425,4.45148],[-74.14212,4.45198],[-74.1418,4.45347],[-74.14166,4.45479],[-74.14137,4.45504],[-74.14086,4.45597],[-74.14046,4.45728],[-74.14025,4.45748],[-74.13969,4.4577],[-74.13951,4.45801],[-74.13911,4.45951],[-74.13893,4.46074],[-74.1384,4.46268],[-74.13813,4.46321],[-74.13778,4.4634],[-74.13764,4.46379],[-74.13765,4.46409],[-74.13776,4.46439],[-74.13842,4.46523],[-74.13842,4.46544],[-74.13826,4.46582],[-74.13808,4.46606],[-74.13787,4.46618],[-74.1368,4.46624],[-74.13649,4.46699],[-74.1363,4.46805],[-74.13608,4.46822],[-74.13534,4.46853],[-74.13511,4.46875],[-74.13453,4.46986],[-74.13373,4.47081],[-74.13331,4.47142],[-74.13245,4.4732],[-74.13133,4.47434],[-74.13061,4.47539],[-74.13031,4.47637],[-74.13008,4.47645],[-74.12979,4.47639],[-74.12931,4.47606],[-74.12872,4.47535],[-74.12842,4.47529],[-74.12731,4.47715],[-74.12698,4.47756],[-74.12545,4.47875],[-74.12509,4.47891],[-74.12478,4.47891],[-74.12453,4.47911],[-74.12426,4.48014],[-74.12382,4.48065],[-74.1235,4.48157],[-74.12322,4.48195],[-74.12262,4.48234],[-74.12177,4.48423],[-74.12165,4.48481],[-74.12129,4.48575],[-74.12166,4.48736],[-74.12165,4.48818],[-74.1212,4.48928],[-74.12083,4.48982],[-74.12042,4.49089],[-74.1205,4.49111],[-74.12069,4.49124],[-74.12245,4.49111],[-74.1229,4.49125],[-74.12312,4.49151],[-74.12312,4.49169],[-74.12301,4.49185],[-74.12241,4.49203],[-74.12184,4.49231],[-74.12145,4.49274],[-74.12135,4.493],[-74.12211,4.49488],[-74.12202,4.49538],[-74.12164,4.49636],[-74.12162,4.49667],[-74.12187,4.49754],[-74.12222,4.49794],[-74.12255,4.49869],[-74.12274,4.4997],[-74.12298,4.49993],[-74.12393,4.50024],[-74.12449,4.50063],[-74.12506,4.50132],[-74.1256,4.5018],[-74.12577,4.5018],[-74.12622,4.50149],[-74.12672,4.5013],[-74.12685,4.50132],[-74.12714,4.5021],[-74.1275,4.50276],[-74.12772,4.50343],[-74.12805,4.50394],[-74.12838,4.50425],[-74.12847,4.50457],[-74.12842,4.50499],[-74.12814,4.50548],[-74.12786,4.50572],[-74.12679,4.50607],[-74.12674,4.50621],[-74.12671,4.50715],[-74.12708,4.50933],[-74.1273,4.51002],[-74.12731,4.51069],[-74.12668,4.51321],[-74.12598,4.51465],[-74.12578,4.51556],[-74.12589,4.5181],[-74.12561,4.52016],[-74.12578,4.52051],[-74.12758,4.52206],[-74.12802,4.5229],[-74.12888,4.52411],[-74.129,4.52443],[-74.12886,4.52472],[-74.12756,4.52499],[-74.12678,4.52556],[-74.12604,4.52575],[-74.12551,4.52605],[-74.12525,4.52672],[-74.12479,4.52759],[-74.12321,4.52746],[-74.12309,4.5292],[-74.12307,4.53234],[-74.12339,4.53353],[-74.12408,4.53456],[-74.12414,4.53505],[-74.12389,4.53592],[-74.1239,4.53616],[-74.12394,4.53632],[-74.12454,4.53708],[-74.12497,4.53937],[-74.125,4.54158],[-74.12534,4.54266],[-74.12489,4.54382],[-74.12491,4.54422],[-74.12521,4.54444],[-74.12588,4.54462],[-74.12601,4.54472],[-74.12629,4.54531],[-74.12647,4.54545],[-74.12707,4.54549],[-74.12781,4.54509],[-74.12838,4.54502],[-74.1286,4.54527],[-74.12953,4.54562],[-74.12998,4.54604],[-74.12998,4.54618],[-74.12939,4.54679],[-74.12905,4.54686],[-74.1287,4.54678],[-74.12801,4.5469],[-74.12694,4.54722],[-74.12677,4.54713],[-74.12667,4.54693],[-74.12655,4.54627],[-74.1263,4.54612],[-74.12615,4.54618],[-74.12549,4.5469],[-74.12538,4.5472],[-74.12536,4.54751],[-74.12591,4.54802],[-74.12611,4.54843],[-74.12639,4.54872],[-74.12667,4.54924],[-74.1271,4.54962],[-74.12784,4.54975],[-74.12818,4.54967],[-74.12837,4.5495],[-74.12881,4.54934],[-74.12956,4.54969],[-74.13022,4.54973],[-74.13107,4.5494],[-74.1315,4.54936],[-74.13168,4.54937],[-74.13197,4.54955],[-74.13224,4.54992],[-74.13238,4.55048],[-74.13207,4.55092],[-74.13214,4.55119],[-74.13193,4.55207],[-74.13197,4.55264],[-74.13208,4.55292],[-74.13281,4.55347],[-74.13335,4.55425],[-74.13361,4.5549],[-74.13389,4.55519],[-74.13385,4.55543],[-74.13323,4.55609],[-74.13319,4.55622],[-74.13325,4.55632],[-74.13365,4.55644],[-74.13402,4.55647],[-74.13457,4.55635],[-74.13479,4.55652],[-74.13526,4.55714],[-74.13511,4.5573],[-74.13476,4.55743],[-74.13418,4.55738],[-74.13399,4.55746],[-74.1342,4.55889],[-74.13411,4.55984],[-74.13381,4.56034],[-74.13388,4.56071],[-74.1352,4.56113],[-74.1361,4.56191],[-74.13676,4.56203],[-74.13747,4.56235],[-74.13769,4.56265],[-74.13784,4.56324],[-74.13799,4.56351],[-74.13835,4.56363],[-74.1392,4.5637],[-74.14045,4.56496],[-74.14051,4.56514],[-74.14043,4.56574],[-74.14059,4.56629],[-74.14069,4.56724],[-74.14043,4.56819],[-74.14046,4.56833],[-74.1413,4.56875],[-74.14165,4.56867],[-74.14171,4.56885],[-74.14152,4.56912],[-74.14112,4.5693],[-74.14075,4.5692],[-74.14049,4.56928],[-74.14039,4.56987],[-74.14046,4.57047],[-74.14068,4.57061],[-74.14187,4.57065],[-74.14205,4.57084],[-74.14177,4.57158],[-74.1418,4.57172],[-74.14205,4.57187],[-74.14244,4.57181],[-74.14257,4.57186],[-74.14278,4.57227],[-74.14312,4.57248],[-74.1432,4.57262],[-74.14323,4.57303],[-74.14306,4.57332],[-74.14293,4.57402],[-74.14271,4.57421],[-74.14211,4.57422],[-74.14168,4.57472],[-74.14101,4.57512],[-74.14083,4.57542],[-74.14087,4.57591],[-74.14096,4.57607],[-74.14212,4.5773],[-74.14262,4.57732],[-74.14285,4.57713],[-74.1431,4.57662],[-74.14304,4.57576],[-74.14385,4.57514],[-74.14382,4.57489],[-74.14364,4.5746],[-74.14369,4.57431],[-74.14414,4.57395],[-74.14465,4.57316],[-74.14484,4.57301],[-74.14518,4.57304],[-74.14561,4.57344],[-74.14574,4.5736],[-74.14599,4.57449],[-74.14608,4.57462],[-74.14651,4.5748],[-74.14674,4.57472],[-74.14683,4.57458],[-74.14706,4.57379],[-74.14722,4.5737],[-74.14745,4.57374],[-74.1477,4.57399],[-74.14781,4.57436],[-74.14777,4.57457],[-74.14759,4.57474],[-74.14772,4.57532],[-74.14736,4.57567],[-74.14701,4.57634],[-74.14706,4.57649],[-74.14768,4.57694],[-74.14781,4.5772],[-74.1479,4.57767],[-74.14836,4.57808],[-74.14871,4.57789],[-74.14878,4.57766],[-74.14873,4.57741],[-74.14836,4.57693],[-74.14845,4.57659],[-74.14858,4.57646],[-74.14872,4.57647],[-74.14966,4.57796],[-74.14999,4.57833],[-74.14977,4.57893],[-74.14943,4.57944],[-74.14965,4.58035],[-74.14944,4.58124],[-74.14931,4.58145],[-74.14877,4.58178],[-74.14794,4.58158],[-74.14761,4.58129],[-74.1472,4.58179],[-74.14722,4.58195],[-74.14755,4.58225],[-74.14788,4.58293],[-74.14842,4.58331],[-74.14865,4.58328],[-74.14933,4.58293],[-74.14983,4.58301],[-74.15074,4.58247],[-74.15111,4.58257],[-74.15138,4.58282],[-74.15148,4.58306],[-74.15139,4.58378],[-74.15124,4.58395],[-74.15061,4.58435],[-74.15059,4.58452],[-74.15075,4.58466],[-74.1515,4.58483],[-74.15198,4.58517],[-74.15216,4.58541],[-74.15192,4.58594],[-74.15128,4.58609],[-74.15119,4.58618],[-74.15089,4.58706],[-74.15042,4.58782],[-74.15049,4.58799],[-74.15096,4.5887],[-74.15138,4.58896],[-74.15265,4.5887],[-74.15254,4.58837],[-74.15185,4.58776],[-74.15176,4.58742],[-74.15192,4.58701],[-74.15222,4.58669],[-74.15254,4.58651],[-74.15307,4.58638],[-74.15329,4.58649],[-74.15339,4.58672],[-74.15305,4.58744],[-74.15314,4.58774],[-74.15332,4.5879],[-74.15356,4.58796],[-74.15449,4.58786],[-74.15504,4.58793],[-74.15563,4.58813],[-74.15598,4.5884],[-74.15642,4.58842],[-74.15696,4.5887],[-74.15664,4.58924],[-74.1565,4.59002],[-74.15482,4.59054],[-74.15455,4.59079],[-74.1544,4.59113],[-74.15426,4.59126],[-74.15402,4.59126],[-74.1537,4.59096],[-74.15336,4.59087],[-74.15297,4.59106],[-74.15282,4.59146],[-74.15209,4.5915],[-74.15155,4.59132],[-74.15139,4.5914],[-74.15122,4.59199],[-74.15175,4.59279],[-74.15205,4.59304],[-74.1524,4.59296],[-74.15267,4.59257],[-74.15332,4.59218],[-74.15354,4.59223],[-74.15409,4.59258],[-74.15419,4.59286],[-74.15421,4.59318],[-74.15413,4.59346],[-74.15391,4.59373],[-74.15282,4.59447],[-74.15259,4.59486],[-74.15214,4.59599],[-74.15178,4.5964],[-74.15138,4.59655],[-74.15095,4.59652],[-74.15049,4.59623],[-74.15007,4.59563],[-74.14983,4.59561],[-74.1497,4.59571],[-74.14972,4.59607],[-74.14994,4.59632],[-74.1501,4.59665],[-74.15043,4.59694],[-74.15071,4.5975],[-74.15121,4.59791],[-74.1515,4.59841],[-74.15197,4.59871],[-74.15218,4.59925],[-74.15216,4.59976],[-74.16068,4.59619],[-74.16331,4.59572],[-74.16563,4.59566],[-74.16795,4.59575],[-74.171,4.59606],[-74.17579,4.59678],[-74.1787,4.59699],[-74.18187,4.59684],[-74.1838,4.5964],[-74.1834,4.59465],[-74.18314,4.59388],[-74.18334,4.59377],[-74.18329,4.59366],[-74.18319,4.59366],[-74.18265,4.59156],[-74.18208,4.59019],[-74.18135,4.58892],[-74.18092,4.58788],[-74.18095,4.58759],[-74.18073,4.58661],[-74.1797,4.57837],[-74.17939,4.57698],[-74.1788,4.57712],[-74.1783,4.5775],[-74.17784,4.57774],[-74.17764,4.5775],[-74.17611,4.57629],[-74.17596,4.57545],[-74.1757,4.57548],[-74.1757,4.57539],[-74.1753,4.57539],[-74.17572,4.57203],[-74.1756,4.5717],[-74.17633,4.57156],[-74.1773,4.57074],[-74.17852,4.57017],[-74.1784,4.5695],[-74.17806,4.56887],[-74.17783,4.56811],[-74.17795,4.5651],[-74.1778,4.56385],[-74.17741,4.56221],[-74.17709,4.56152],[-74.17651,4.56083],[-74.17638,4.56049],[-74.17633,4.55941],[-74.17645,4.55887],[-74.17697,4.55805],[-74.17646,4.55639],[-74.17648,4.55601],[-74.1767,4.55485],[-74.17706,4.55431],[-74.17706,4.55387],[-74.1769,4.55365],[-74.17691,4.55351],[-74.17643,4.55336],[-74.17615,4.55341],[-74.17579,4.55312],[-74.17533,4.55303],[-74.17471,4.55317],[-74.17417,4.55244],[-74.17402,4.55249],[-74.17376,4.55159],[-74.17389,4.55048],[-74.17386,4.55002],[-74.17394,4.54945],[-74.17412,4.549],[-74.17452,4.54824],[-74.17495,4.54768],[-74.1761,4.54653],[-74.17629,4.5462],[-74.17638,4.54579],[-74.17624,4.54543],[-74.17575,4.54502],[-74.17522,4.54415],[-74.17408,4.54367],[-74.17363,4.54267],[-74.17326,4.54211],[-74.17322,4.54105],[-74.17338,4.54053],[-74.17376,4.54006],[-74.17417,4.53974],[-74.1767,4.53829],[-74.17709,4.53787],[-74.17737,4.53739],[-74.17949,4.53652],[-74.18117,4.53612],[-74.18351,4.53585],[-74.18396,4.53567],[-74.18473,4.5351],[-74.18552,4.53466],[-74.18594,4.53427],[-74.18808,4.53296],[-74.18811,4.53281],[-74.18748,4.53232],[-74.18625,4.53083],[-74.18599,4.53063],[-74.18536,4.52987],[-74.1849,4.52951],[-74.18325,4.52747],[-74.18315,4.52629],[-74.18368,4.52147],[-74.18352,4.5209],[-74.18355,4.5205],[-74.18345,4.52011],[-74.18315,4.51954],[-74.18308,4.51915],[-74.1833,4.51728],[-74.18278,4.51664],[-74.18286,4.51512],[-74.18272,4.51452],[-74.18243,4.51385],[-74.18223,4.51296],[-74.18188,4.51244],[-74.18148,4.51224],[-74.18118,4.51225],[-74.18017,4.51269],[-74.17916,4.51299],[-74.17771,4.51302],[-74.17617,4.51251],[-74.17559,4.51211],[-74.17532,4.51164],[-74.17492,4.51033],[-74.17417,4.50941],[-74.17342,4.50804],[-74.17339,4.50785],[-74.17354,4.50759],[-74.17389,4.50734],[-74.17497,4.50677],[-74.17825,4.50585],[-74.18153,4.5041],[-74.18007,4.49955],[-74.17934,4.49788],[-74.17911,4.49765],[-74.17878,4.49651],[-74.17882,4.49555],[-74.17902,4.49486],[-74.17893,4.49444],[-74.17907,4.49409],[-74.17923,4.49407],[-74.17929,4.49399],[-74.17914,4.49328],[-74.1792,4.49254],[-74.1791,4.49228],[-74.17907,4.49153],[-74.17895,4.49102],[-74.17897,4.49065],[-74.17926,4.49025],[-74.17922,4.48981],[-74.17903,4.48965],[-74.17899,4.48938],[-74.1791,4.48907],[-74.17896,4.48862],[-74.1783,4.48758],[-74.17829,4.48724],[-74.17817,4.48682],[-74.17802,4.48663],[-74.17803,4.48641],[-74.17842,4.48534],[-74.17942,4.48467],[-74.18003,4.48336],[-74.18035,4.4829],[-74.1806,4.48263],[-74.18095,4.48245],[-74.18114,4.48198],[-74.18161,4.48198],[-74.18171,4.48187],[-74.18175,4.48145],[-74.1821,4.48104],[-74.18237,4.48044],[-74.18225,4.48033],[-74.18229,4.48006],[-74.18258,4.48001],[-74.18261,4.47935],[-74.18239,4.47837],[-74.18226,4.47816],[-74.18234,4.4777],[-74.1823,4.47702],[-74.18244,4.47679],[-74.18234,4.47632],[-74.18238,4.47603],[-74.1822,4.47568],[-74.1823,4.47553],[-74.18294,4.47523],[-74.18315,4.47502],[-74.18339,4.47438],[-74.18331,4.47383],[-74.18361,4.47293],[-74.18349,4.47239],[-74.18318,4.47202],[-74.18293,4.47158],[-74.18287,4.47101],[-74.18308,4.47003],[-74.18363,4.46866],[-74.18361,4.46787],[-74.18327,4.46741],[-74.18309,4.46678],[-74.18349,4.46469],[-74.18405,4.46369],[-74.18518,4.46202],[-74.18645,4.45845],[-74.18691,4.45611],[-74.18692,4.45452],[-74.18638,4.45344],[-74.18622,4.45273],[-74.18666,4.45155],[-74.18743,4.45013],[-74.18845,4.44913],[-74.19002,4.4478],[-74.19051,4.44721],[-74.19081,4.44638],[-74.19097,4.44546],[-74.19076,4.44361],[-74.1909,4.4427],[-74.19118,4.44212],[-74.19162,4.44153],[-74.19198,4.4409],[-74.19343,4.43676],[-74.19475,4.43477],[-74.19503,4.43328],[-74.19402,4.42985],[-74.19395,4.42837],[-74.19424,4.42677],[-74.19471,4.42644],[-74.1963,4.4265],[-74.19817,4.42673],[-74.19841,4.42669],[-74.19884,4.42641],[-74.19897,4.42598],[-74.19935,4.42536],[-74.20061,4.42205],[-74.20133,4.42118],[-74.20251,4.42029],[-74.20342,4.41938],[-74.20398,4.41826],[-74.20403,4.41741],[-74.20381,4.41668],[-74.20391,4.41536],[-74.20408,4.41444],[-74.20447,4.41369],[-74.20588,4.4123],[-74.20624,4.41174],[-74.20656,4.4112],[-74.20673,4.41054],[-74.20708,4.40977],[-74.20774,4.40875],[-74.20818,4.40789],[-74.20815,4.40699],[-74.20778,4.40526],[-74.209,4.40297],[-74.2104,4.3991],[-74.21095,4.3982],[-74.21162,4.39736],[-74.21238,4.39659],[-74.21296,4.39616],[-74.21308,4.39551],[-74.21289,4.39477],[-74.21245,4.39408],[-74.21228,4.39301],[-74.21147,4.39092],[-74.21135,4.38937],[-74.21143,4.38821],[-74.21092,4.38691]]]}},{"type":"Feature","properties":{"nombre":"Sumapaz","codigo":"20","tono":1,"etiqueta":[4.01884,-74.29373],"zoomEtiqueta":10},"geometry":{"type":"Polygon","coordinates":[[[-74.20584,4.26966],[-74.20567,4.26952],[-74.20549,4.26859],[-74.20551,4.26768],[-74.2057,4.26678],[-74.20605,4.26585],[-74.20761,4.2636],[-74.20718,4.2627],[-74.20642,4.2622],[-74.20689,4.26036],[-74.20675,4.25938],[-74.20636,4.25743],[-74.206,4.25657],[-74.20514,4.2549],[-74.20498,4.25388],[-74.20502,4.25293],[-74.20635,4.25156],[-74.20692,4.25076],[-74.2073,4.24991],[-74.2079,4.2491],[-74.20876,4.2475],[-74.20887,4.24659],[-74.20869,4.2457],[-74.2077,4.24402],[-74.20622,4.24284],[-74.20629,4.24189],[-74.20813,4.24134],[-74.20909,4.24135],[-74.20993,4.24093],[-74.21149,4.23991],[-74.21299,4.23911],[-74.2152,4.23778],[-74.21621,4.23697],[-74.21671,4.23626],[-74.21773,4.23439],[-74.21838,4.23376],[-74.21876,4.23293],[-74.21941,4.23016],[-74.21955,4.22926],[-74.21956,4.22649],[-74.221,4.22518],[-74.22176,4.22469],[-74.22313,4.22341],[-74.22393,4.22299],[-74.22449,4.22227],[-74.2263,4.22196],[-74.2272,4.22214],[-74.22811,4.222],[-74.22862,4.22115],[-74.22926,4.22038],[-74.23018,4.21863],[-74.23146,4.21728],[-74.23182,4.21642],[-74.23185,4.21551],[-74.23203,4.21462],[-74.23239,4.21379],[-74.23286,4.21302],[-74.23311,4.21209],[-74.23364,4.20839],[-74.23369,4.20743],[-74.23468,4.20588],[-74.23506,4.20404],[-74.23499,4.20313],[-74.23502,4.20222],[-74.23538,4.20138],[-74.23668,4.20002],[-74.2369,4.19913],[-74.23694,4.19822],[-74.2374,4.19646],[-74.23831,4.19609],[-74.23921,4.19622],[-74.2409,4.19714],[-74.24165,4.19768],[-74.24253,4.19793],[-74.24328,4.19738],[-74.24419,4.19578],[-74.2445,4.19492],[-74.24487,4.19304],[-74.24497,4.19119],[-74.24494,4.19027],[-74.24467,4.18933],[-74.24414,4.18859],[-74.24336,4.18803],[-74.24165,4.18737],[-74.24075,4.1872],[-74.24022,4.18646],[-74.24025,4.18464],[-74.24042,4.18369],[-74.24124,4.18099],[-74.24122,4.18009],[-74.24038,4.17736],[-74.24017,4.17642],[-74.24005,4.17272],[-74.24019,4.17179],[-74.2412,4.17001],[-74.24156,4.16916],[-74.2418,4.16829],[-74.24208,4.1655],[-74.24234,4.16457],[-74.2427,4.16371],[-74.24293,4.1628],[-74.24312,4.161],[-74.24332,4.16012],[-74.24342,4.15819],[-74.24328,4.15719],[-74.24327,4.15628],[-74.24279,4.15453],[-74.24297,4.15261],[-74.24318,4.15172],[-74.24357,4.14796],[-74.24396,4.14712],[-74.24493,4.14263],[-74.24562,4.14087],[-74.24502,4.13899],[-74.24493,4.13803],[-74.24369,4.13647],[-74.24324,4.13564],[-74.24287,4.13366],[-74.24293,4.13266],[-74.2432,4.13079],[-74.2438,4.12905],[-74.24459,4.1273],[-74.24499,4.12254],[-74.24492,4.12061],[-74.24511,4.11875],[-74.24642,4.11416],[-74.24648,4.1132],[-74.24638,4.11219],[-74.24602,4.11025],[-74.24555,4.10838],[-74.24522,4.10651],[-74.24518,4.10557],[-74.24525,4.10464],[-74.24541,4.10375],[-74.24581,4.10287],[-74.24649,4.10224],[-74.24736,4.10195],[-74.24825,4.10176],[-74.24917,4.10171],[-74.25098,4.10208],[-74.25192,4.10208],[-74.25326,4.10086],[-74.25384,4.10014],[-74.25476,4.09846],[-74.25667,4.0939],[-74.25724,4.09308],[-74.25849,4.09172],[-74.25923,4.09116],[-74.26012,4.09081],[-74.26106,4.09075],[-74.26395,4.09124],[-74.26654,4.09247],[-74.26716,4.09323],[-74.26887,4.09409],[-74.2708,4.09616],[-74.27123,4.09696],[-74.27253,4.09854],[-74.27335,4.09913],[-74.27518,4.09934],[-74.27763,4.10082],[-74.27853,4.10117],[-74.27931,4.10169],[-74.28016,4.10206],[-74.28305,4.10241],[-74.28395,4.10227],[-74.28496,4.10228],[-74.28597,4.10239],[-74.28977,4.10318],[-74.29073,4.10325],[-74.29167,4.10357],[-74.29366,4.10382],[-74.29555,4.10421],[-74.29821,4.10519],[-74.29902,4.10565],[-74.29994,4.1056],[-74.30013,4.10656],[-74.30072,4.10728],[-74.30253,4.10814],[-74.3035,4.10842],[-74.30494,4.10954],[-74.30629,4.1109],[-74.30691,4.11157],[-74.30745,4.11232],[-74.30782,4.11317],[-74.30872,4.1148],[-74.30953,4.11527],[-74.31046,4.11557],[-74.31191,4.1169],[-74.31313,4.11831],[-74.31388,4.11897],[-74.31502,4.12048],[-74.31707,4.12256],[-74.31762,4.12336],[-74.31854,4.12501],[-74.31918,4.12572],[-74.32004,4.12602],[-74.32186,4.12636],[-74.32277,4.12668],[-74.32449,4.12754],[-74.3261,4.1285],[-74.32716,4.12881],[-74.32832,4.13026],[-74.32915,4.13068],[-74.33005,4.13088],[-74.33057,4.13014],[-74.3308,4.12925],[-74.33056,4.12838],[-74.32975,4.12666],[-74.32957,4.12568],[-74.3296,4.12473],[-74.33003,4.12392],[-74.33075,4.12327],[-74.33081,4.12234],[-74.3306,4.12055],[-74.33085,4.11964],[-74.33167,4.1179],[-74.33202,4.11697],[-74.33301,4.11536],[-74.33359,4.11459],[-74.33449,4.11442],[-74.33511,4.11373],[-74.33509,4.11191],[-74.3354,4.11001],[-74.33606,4.10928],[-74.33655,4.10851],[-74.33677,4.10762],[-74.33744,4.10696],[-74.33795,4.10621],[-74.33871,4.1056],[-74.3395,4.10514],[-74.33963,4.1042],[-74.33958,4.10326],[-74.34031,4.10268],[-74.34125,4.10222],[-74.3422,4.10192],[-74.34303,4.10135],[-74.34265,4.10051],[-74.34199,4.0999],[-74.34203,4.09895],[-74.34314,4.09744],[-74.34451,4.09491],[-74.34504,4.09416],[-74.34506,4.09322],[-74.34493,4.09136],[-74.34517,4.08837],[-74.34563,4.08753],[-74.34637,4.08687],[-74.34685,4.0861],[-74.34678,4.08508],[-74.34653,4.08414],[-74.34724,4.08357],[-74.34788,4.08291],[-74.34775,4.08107],[-74.3483,4.08033],[-74.34872,4.07952],[-74.34894,4.07863],[-74.34982,4.07843],[-74.3501,4.07755],[-74.34986,4.07667],[-74.35045,4.07597],[-74.35093,4.0752],[-74.35101,4.07427],[-74.35087,4.07338],[-74.35017,4.07273],[-74.35006,4.07177],[-74.35039,4.07092],[-74.35099,4.07023],[-74.35131,4.06841],[-74.35162,4.06749],[-74.35091,4.06579],[-74.35113,4.06491],[-74.3511,4.06397],[-74.35058,4.06218],[-74.35048,4.06126],[-74.3505,4.06036],[-74.35065,4.05944],[-74.35083,4.05855],[-74.35112,4.05768],[-74.35149,4.05684],[-74.35396,4.05409],[-74.35408,4.05363],[-74.3548,4.05274],[-74.35527,4.05197],[-74.35611,4.05142],[-74.35778,4.05049],[-74.35949,4.04974],[-74.36024,4.04922],[-74.36107,4.04887],[-74.36164,4.04815],[-74.36181,4.04724],[-74.36306,4.04583],[-74.36335,4.04494],[-74.36392,4.0442],[-74.36429,4.04337],[-74.36423,4.04237],[-74.36428,4.04129],[-74.36502,4.0396],[-74.36526,4.03873],[-74.3666,4.03623],[-74.36648,4.03532],[-74.36613,4.03448],[-74.36554,4.03376],[-74.36482,4.03313],[-74.36477,4.03223],[-74.36507,4.03136],[-74.3652,4.03043],[-74.36511,4.02946],[-74.36497,4.0285],[-74.3643,4.02668],[-74.36412,4.02579],[-74.36373,4.02487],[-74.36356,4.02397],[-74.3636,4.02296],[-74.36405,4.02119],[-74.36335,4.02056],[-74.36299,4.01973],[-74.36311,4.01877],[-74.36299,4.01785],[-74.36329,4.017],[-74.3631,4.01607],[-74.36278,4.01513],[-74.36278,4.01412],[-74.36253,4.01227],[-74.3629,4.00945],[-74.36347,4.00764],[-74.36368,4.00672],[-74.36377,4.00581],[-74.3641,4.00493],[-74.36474,4.00418],[-74.36604,4.00292],[-74.36684,4.00242],[-74.36727,4.00061],[-74.36763,3.99978],[-74.36818,3.99905],[-74.36847,3.9982],[-74.36914,3.99758],[-74.36962,3.99682],[-74.36987,3.99594],[-74.37043,3.99522],[-74.37067,3.99433],[-74.37051,3.99249],[-74.37074,3.99158],[-74.37112,3.99073],[-74.37154,3.98993],[-74.37215,3.98926],[-74.37301,3.98897],[-74.37379,3.98852],[-74.37423,3.98767],[-74.37451,3.98678],[-74.37436,3.98588],[-74.37353,3.98544],[-74.37277,3.98473],[-74.37189,3.98447],[-74.36972,3.9826],[-74.36889,3.9822],[-74.36798,3.98193],[-74.36703,3.98211],[-74.36612,3.9819],[-74.36534,3.98135],[-74.36359,3.98049],[-74.36298,3.97978],[-74.3614,3.97633],[-74.36079,3.97553],[-74.36003,3.97487],[-74.3595,3.97402],[-74.35923,3.97311],[-74.35779,3.97197],[-74.3572,3.97124],[-74.35675,3.97033],[-74.35662,3.96943],[-74.35656,3.96754],[-74.35626,3.96566],[-74.35582,3.96484],[-74.35563,3.96394],[-74.35572,3.96342],[-74.35614,3.96217],[-74.3561,3.96127],[-74.357,3.96122],[-74.35703,3.96027],[-74.35693,3.95934],[-74.35676,3.95845],[-74.35639,3.95755],[-74.35644,3.95657],[-74.35677,3.95477],[-74.35643,3.95387],[-74.35597,3.95308],[-74.35586,3.95219],[-74.35625,3.95136],[-74.35674,3.95056],[-74.35659,3.94962],[-74.35627,3.94874],[-74.35674,3.94695],[-74.35628,3.94612],[-74.35475,3.9438],[-74.35488,3.94099],[-74.35548,3.93816],[-74.35579,3.93718],[-74.35694,3.93467],[-74.35703,3.93189],[-74.35739,3.93007],[-74.35737,3.92917],[-74.35814,3.92747],[-74.35809,3.92655],[-74.35819,3.92561],[-74.35848,3.92473],[-74.35893,3.92189],[-74.35921,3.921],[-74.35961,3.92016],[-74.35973,3.91926],[-74.36031,3.91856],[-74.36075,3.91774],[-74.36048,3.91673],[-74.35979,3.91503],[-74.35982,3.91404],[-74.36043,3.91222],[-74.36083,3.91139],[-74.36098,3.91048],[-74.36138,3.9096],[-74.36192,3.90885],[-74.36267,3.90832],[-74.36355,3.90793],[-74.36354,3.90701],[-74.36304,3.90626],[-74.36321,3.90537],[-74.36321,3.90446],[-74.36356,3.90358],[-74.36368,3.90268],[-74.36397,3.90182],[-74.36501,3.90021],[-74.36516,3.89922],[-74.36658,3.89803],[-74.36802,3.89562],[-74.36834,3.89471],[-74.36854,3.89381],[-74.36899,3.89298],[-74.36941,3.89109],[-74.36972,3.89024],[-74.37018,3.8894],[-74.37039,3.88849],[-74.37035,3.88741],[-74.37105,3.88671],[-74.37175,3.88614],[-74.37185,3.88521],[-74.37222,3.88332],[-74.3726,3.88245],[-74.3732,3.88067],[-74.37335,3.87977],[-74.37388,3.87893],[-74.3746,3.8783],[-74.3754,3.87668],[-74.37631,3.87672],[-74.37722,3.87648],[-74.3776,3.87561],[-74.37812,3.87477],[-74.37958,3.87368],[-74.38122,3.87373],[-74.38282,3.8729],[-74.38299,3.87199],[-74.38343,3.87116],[-74.38314,3.87026],[-74.38357,3.86948],[-74.38448,3.86965],[-74.38528,3.86925],[-74.38604,3.86866],[-74.3861,3.86772],[-74.38665,3.86698],[-74.38694,3.86612],[-74.38735,3.86425],[-74.38728,3.86335],[-74.3864,3.86301],[-74.386,3.86219],[-74.38658,3.86137],[-74.38744,3.85871],[-74.38757,3.8578],[-74.38679,3.85734],[-74.3869,3.85641],[-74.38746,3.85567],[-74.38787,3.85487],[-74.38817,3.85396],[-74.38894,3.85331],[-74.38953,3.85261],[-74.39043,3.85099],[-74.39022,3.85004],[-74.38986,3.84919],[-74.3902,3.84738],[-74.39097,3.84685],[-74.39123,3.84599],[-74.39123,3.84503],[-74.39138,3.84413],[-74.39114,3.84326],[-74.39111,3.84227],[-74.39191,3.84175],[-74.39259,3.84109],[-74.39304,3.83933],[-74.39302,3.83841],[-74.39314,3.8375],[-74.39427,3.83493],[-74.39456,3.83407],[-74.39469,3.83308],[-74.39466,3.8321],[-74.39497,3.83121],[-74.39564,3.82742],[-74.39603,3.8266],[-74.39625,3.82563],[-74.39617,3.82474],[-74.3967,3.82399],[-74.3974,3.82326],[-74.39818,3.82268],[-74.39941,3.82117],[-74.40016,3.82053],[-74.40164,3.81946],[-74.40289,3.81809],[-74.40344,3.81733],[-74.40372,3.81643],[-74.40387,3.81552],[-74.40423,3.81467],[-74.4047,3.81391],[-74.4056,3.81361],[-74.40638,3.81305],[-74.40658,3.81218],[-74.40659,3.81123],[-74.40714,3.81049],[-74.40782,3.80981],[-74.40863,3.80936],[-74.40931,3.80873],[-74.40987,3.80801],[-74.41033,3.80713],[-74.41096,3.80645],[-74.41245,3.80538],[-74.41305,3.8047],[-74.41352,3.80392],[-74.41398,3.80211],[-74.41429,3.80126],[-74.41365,3.8006],[-74.41339,3.79973],[-74.4146,3.79838],[-74.41515,3.79764],[-74.41589,3.79713],[-74.41616,3.79621],[-74.41717,3.79464],[-74.41796,3.7942],[-74.41972,3.79369],[-74.42053,3.79323],[-74.42092,3.7914],[-74.42124,3.79056],[-74.4217,3.78975],[-74.42288,3.7883],[-74.42378,3.78661],[-74.42525,3.78542],[-74.42614,3.78574],[-74.42682,3.7864],[-74.42745,3.78572],[-74.42839,3.7855],[-74.42924,3.78591],[-74.4301,3.78561],[-74.43098,3.78385],[-74.43201,3.78146],[-74.43246,3.78068],[-74.43275,3.77982],[-74.43199,3.7793],[-74.43243,3.77849],[-74.43242,3.77757],[-74.43203,3.77676],[-74.43171,3.77586],[-74.43219,3.77504],[-74.43279,3.7733],[-74.43323,3.77249],[-74.43332,3.77068],[-74.43316,3.76976],[-74.43334,3.76882],[-74.43301,3.76795],[-74.4328,3.76705],[-74.43278,3.76612],[-74.43299,3.76524],[-74.43381,3.76481],[-74.4347,3.76463],[-74.43535,3.76398],[-74.43676,3.76285],[-74.43755,3.7624],[-74.43789,3.76157],[-74.43849,3.76087],[-74.43924,3.75919],[-74.43992,3.7586],[-74.44083,3.75852],[-74.4426,3.75814],[-74.44351,3.75822],[-74.44412,3.75749],[-74.4448,3.75687],[-74.44557,3.75638],[-74.4459,3.75554],[-74.44653,3.75487],[-74.44681,3.75393],[-74.44763,3.75353],[-74.44862,3.75196],[-74.44922,3.75128],[-74.44964,3.75045],[-74.44978,3.74863],[-74.44941,3.74779],[-74.44917,3.74681],[-74.44893,3.7441],[-74.4485,3.74328],[-74.44744,3.74162],[-74.44713,3.74076],[-74.44669,3.73898],[-74.44628,3.73816],[-74.44577,3.73739],[-74.44455,3.73601],[-74.44364,3.7357],[-74.44276,3.73551],[-74.4413,3.73442],[-74.44027,3.73282],[-74.43943,3.73239],[-74.43855,3.73212],[-74.43729,3.73103],[-74.43608,3.73288],[-74.43543,3.73362],[-74.43465,3.73422],[-74.43124,3.7361],[-74.43058,3.73684],[-74.4274,3.73884],[-74.42601,3.74016],[-74.42549,3.74091],[-74.42421,3.74224],[-74.42335,3.74266],[-74.42244,3.74272],[-74.42059,3.74255],[-74.41876,3.74259],[-74.41603,3.74229],[-74.41429,3.7417],[-74.41336,3.74167],[-74.41243,3.74152],[-74.41153,3.74125],[-74.41079,3.74069],[-74.40987,3.74059],[-74.40897,3.74078],[-74.40806,3.74066],[-74.40735,3.74003],[-74.40688,3.73924],[-74.40616,3.73867],[-74.40533,3.73821],[-74.40443,3.73799],[-74.40353,3.73821],[-74.40165,3.73816],[-74.40075,3.73827],[-74.40027,3.73904],[-74.40006,3.73996],[-74.39999,3.74093],[-74.39982,3.74182],[-74.39941,3.74269],[-74.3989,3.74346],[-74.39812,3.74403],[-74.39748,3.7447],[-74.39708,3.74552],[-74.39697,3.74646],[-74.39713,3.74736],[-74.39768,3.74913],[-74.39783,3.75006],[-74.39796,3.75188],[-74.3978,3.7528],[-74.39711,3.75347],[-74.39627,3.75393],[-74.39455,3.75455],[-74.39365,3.75457],[-74.39287,3.75405],[-74.39143,3.75287],[-74.39075,3.75218],[-74.39019,3.75144],[-74.38917,3.7513],[-74.3883,3.75165],[-74.38625,3.75364],[-74.38583,3.75443],[-74.38598,3.75537],[-74.38562,3.75723],[-74.38558,3.75817],[-74.38565,3.75907],[-74.38644,3.7617],[-74.38696,3.76249],[-74.38821,3.76383],[-74.38908,3.76549],[-74.38959,3.76626],[-74.39019,3.76696],[-74.39064,3.76776],[-74.39129,3.76841],[-74.39174,3.7692],[-74.39232,3.76997],[-74.39281,3.77079],[-74.39207,3.77134],[-74.3894,3.77222],[-74.38782,3.77317],[-74.38611,3.77383],[-74.38542,3.77445],[-74.38464,3.77497],[-74.38372,3.77505],[-74.38298,3.77559],[-74.38216,3.776],[-74.38078,3.77721],[-74.37983,3.77717],[-74.37897,3.77675],[-74.37831,3.77613],[-74.37753,3.77554],[-74.37659,3.77557],[-74.37598,3.77623],[-74.3756,3.77707],[-74.37544,3.77801],[-74.37518,3.77891],[-74.37538,3.77981],[-74.37586,3.78058],[-74.37612,3.78149],[-74.37588,3.78238],[-74.37514,3.78361],[-74.37459,3.7849],[-74.37433,3.78578],[-74.37309,3.78726],[-74.37243,3.78793],[-74.37165,3.78851],[-74.37068,3.78906],[-74.36982,3.78939],[-74.36889,3.78951],[-74.36809,3.78899],[-74.36739,3.78836],[-74.36643,3.78803],[-74.36553,3.78788],[-74.36465,3.78829],[-74.3643,3.78927],[-74.36411,3.7902],[-74.36366,3.79102],[-74.36332,3.79189],[-74.36279,3.79266],[-74.36137,3.79386],[-74.36074,3.79462],[-74.36025,3.79545],[-74.35991,3.79634],[-74.35944,3.79717],[-74.35882,3.79799],[-74.35819,3.79869],[-74.3566,3.79971],[-74.35571,3.79998],[-74.35392,3.80068],[-74.35344,3.80149],[-74.35328,3.80242],[-74.35325,3.80333],[-74.35352,3.80515],[-74.35356,3.80607],[-74.35376,3.80696],[-74.35459,3.80751],[-74.35521,3.80829],[-74.35441,3.80878],[-74.3524,3.80858],[-74.35151,3.80872],[-74.34967,3.80926],[-74.34852,3.8104],[-74.34627,3.81223],[-74.34564,3.81292],[-74.34482,3.81346],[-74.3439,3.81386],[-74.34295,3.81376],[-74.34131,3.81294],[-74.34046,3.81242],[-74.3398,3.81175],[-74.33918,3.81246],[-74.33879,3.81332],[-74.33815,3.81408],[-74.33731,3.81443],[-74.33697,3.81528],[-74.33667,3.81707],[-74.33635,3.81794],[-74.33557,3.81846],[-74.33462,3.81879],[-74.33418,3.81963],[-74.33387,3.82052],[-74.33342,3.82231],[-74.3326,3.82274],[-74.3306,3.82286],[-74.32983,3.82354],[-74.32943,3.82438],[-74.329,3.8263],[-74.32828,3.828],[-74.32735,3.82808],[-74.32663,3.82741],[-74.3251,3.82634],[-74.32424,3.82595],[-74.32333,3.82572],[-74.32155,3.82625],[-74.32063,3.82606],[-74.31995,3.82543],[-74.3194,3.82464],[-74.31901,3.82369],[-74.31887,3.82279],[-74.31904,3.82188],[-74.31876,3.81999],[-74.31848,3.81909],[-74.31861,3.81818],[-74.3186,3.81723],[-74.31838,3.81624],[-74.31831,3.81534],[-74.31736,3.81546],[-74.31471,3.81681],[-74.31385,3.81716],[-74.31291,3.81701],[-74.31185,3.81726],[-74.31002,3.81787],[-74.30824,3.81874],[-74.3073,3.8191],[-74.30634,3.81912],[-74.30549,3.81872],[-74.30362,3.81863],[-74.30175,3.81917],[-74.30081,3.81902],[-74.29994,3.81872],[-74.29896,3.8186],[-74.2981,3.81907],[-74.2973,3.81971],[-74.29669,3.82037],[-74.29634,3.82124],[-74.29608,3.82223],[-74.29588,3.82413],[-74.29505,3.82682],[-74.29506,3.82867],[-74.29481,3.82954],[-74.29501,3.83057],[-74.29573,3.83247],[-74.29754,3.83476],[-74.29772,3.83579],[-74.29824,3.83658],[-74.29911,3.83833],[-74.29971,3.83911],[-74.3005,3.83963],[-74.30133,3.84002],[-74.30445,3.84023],[-74.30556,3.84038],[-74.30652,3.84063],[-74.30743,3.84109],[-74.30812,3.84168],[-74.30824,3.84258],[-74.30711,3.8455],[-74.30506,3.85124],[-74.30531,3.85213],[-74.30577,3.85294],[-74.3062,3.85472],[-74.30667,3.85553],[-74.30724,3.8563],[-74.30819,3.85801],[-74.30923,3.85966],[-74.30993,3.86031],[-74.31084,3.8609],[-74.31236,3.86232],[-74.31291,3.86305],[-74.3133,3.86398],[-74.31369,3.86584],[-74.31451,3.86871],[-74.31462,3.86956],[-74.31385,3.8705],[-74.3135,3.87132],[-74.31408,3.87308],[-74.3136,3.87414],[-74.31427,3.8751],[-74.31504,3.87568],[-74.31561,3.8765],[-74.31646,3.87939],[-74.31628,3.88032],[-74.31569,3.88117],[-74.31416,3.88228],[-74.31355,3.88294],[-74.31246,3.88459],[-74.3115,3.88627],[-74.30967,3.8885],[-74.30868,3.88843],[-74.30805,3.88762],[-74.30774,3.88663],[-74.30731,3.88584],[-74.30676,3.88511],[-74.30423,3.88387],[-74.30349,3.88334],[-74.30165,3.88356],[-74.30079,3.8832],[-74.29877,3.8811],[-74.29787,3.88108],[-74.29732,3.88188],[-74.29676,3.88372],[-74.29622,3.88454],[-74.29379,3.88613],[-74.29301,3.88676],[-74.2924,3.88741],[-74.29138,3.88924],[-74.28956,3.89157],[-74.28884,3.89227],[-74.28803,3.89266],[-74.28656,3.89381],[-74.28599,3.89562],[-74.2855,3.89646],[-74.28501,3.89724],[-74.28386,3.89877],[-74.28181,3.90064],[-74.28127,3.90146],[-74.28087,3.90232],[-74.28011,3.90405],[-74.27985,3.905],[-74.27943,3.90583],[-74.27886,3.90661],[-74.27816,3.9073],[-74.27607,3.91055],[-74.27558,3.91237],[-74.27507,3.91524],[-74.27501,3.91617],[-74.27512,3.91714],[-74.27498,3.91901],[-74.27471,3.92088],[-74.27432,3.92171],[-74.27407,3.92258],[-74.27371,3.92442],[-74.27332,3.9253],[-74.27269,3.92592],[-74.27106,3.92691],[-74.26935,3.92774],[-74.26484,3.92944],[-74.26199,3.92914],[-74.26112,3.92883],[-74.25825,3.92857],[-74.25737,3.92836],[-74.25648,3.92867],[-74.25611,3.92952],[-74.25601,3.93051],[-74.25607,3.9315],[-74.25618,3.9324],[-74.25645,3.93329],[-74.25681,3.93614],[-74.25681,3.93712],[-74.25714,3.93798],[-74.25784,3.94082],[-74.2577,3.94267],[-74.25701,3.94325],[-74.25615,3.94362],[-74.25535,3.94415],[-74.25362,3.94476],[-74.25301,3.94548],[-74.25323,3.9464],[-74.25395,3.94701],[-74.25483,3.94721],[-74.25577,3.94724],[-74.25674,3.94749],[-74.25952,3.94793],[-74.26006,3.94866],[-74.25951,3.9494],[-74.25862,3.94963],[-74.2568,3.94961],[-74.25294,3.94941],[-74.25205,3.9495],[-74.25118,3.94972],[-74.2503,3.95013],[-74.24954,3.95061],[-74.24885,3.95118],[-74.24719,3.95194],[-74.24643,3.95245],[-74.24581,3.95319],[-74.2449,3.95479],[-74.24421,3.95541],[-74.24219,3.96169],[-74.24132,3.96354],[-74.24081,3.96442],[-74.2399,3.96712],[-74.23977,3.96806],[-74.23939,3.96894],[-74.23885,3.97068],[-74.23796,3.97238],[-74.23768,3.97323],[-74.23707,3.97397],[-74.23637,3.97454],[-74.23596,3.97535],[-74.2353,3.97612],[-74.2338,3.97748],[-74.2332,3.9782],[-74.23291,3.97909],[-74.23327,3.98102],[-74.23325,3.98198],[-74.23301,3.98294],[-74.2319,3.9855],[-74.23135,3.98637],[-74.23048,3.98811],[-74.22998,3.99193],[-74.2298,3.99288],[-74.22947,3.99377],[-74.22904,3.9946],[-74.22783,3.9962],[-74.22719,3.99692],[-74.2264,3.99752],[-74.22504,3.99882],[-74.22376,4.00021],[-74.22188,4.00245],[-74.22134,4.0032],[-74.22059,4.00379],[-74.22007,4.00454],[-74.21966,4.00548],[-74.21894,4.00609],[-74.2178,4.00752],[-74.21754,4.00841],[-74.21766,4.00935],[-74.21753,4.01028],[-74.21571,4.01093],[-74.21508,4.01159],[-74.21463,4.01241],[-74.2138,4.01296],[-74.21252,4.01321],[-74.21184,4.01284],[-74.21061,4.01186],[-74.20974,4.0115],[-74.2088,4.01178],[-74.2057,4.01387],[-74.2048,4.01421],[-74.20382,4.0143],[-74.20294,4.01411],[-74.20208,4.01369],[-74.20116,4.01351],[-74.20024,4.01389],[-74.19943,4.0144],[-74.19869,4.01505],[-74.19778,4.01545],[-74.19681,4.01548],[-74.19485,4.01578],[-74.19396,4.01543],[-74.19343,4.01466],[-74.192,4.01335],[-74.19132,4.0126],[-74.19055,4.01208],[-74.18963,4.01185],[-74.18784,4.01117],[-74.18621,4.01024],[-74.18548,4.0096],[-74.18466,4.00909],[-74.18372,4.00859],[-74.18289,4.00826],[-74.18199,4.00882],[-74.18125,4.0094],[-74.17916,4.01144],[-74.1787,4.01234],[-74.17691,4.01465],[-74.17552,4.01598],[-74.17465,4.01629],[-74.17374,4.01629],[-74.17286,4.01603],[-74.17197,4.01597],[-74.16922,4.01533],[-74.1682,4.01551],[-74.16634,4.01607],[-74.16543,4.01618],[-74.16268,4.01703],[-74.16166,4.01698],[-74.1607,4.0171],[-74.1589,4.01772],[-74.15833,4.01694],[-74.15795,4.01605],[-74.15732,4.01532],[-74.15645,4.01502],[-74.15545,4.01494],[-74.15473,4.01437],[-74.15405,4.01365],[-74.15303,4.0121],[-74.15304,4.0112],[-74.15319,4.01023],[-74.1531,4.0084],[-74.15295,4.00746],[-74.15265,4.00655],[-74.15216,4.00574],[-74.15153,4.00507],[-74.15026,4.00478],[-74.1497,4.00564],[-74.14947,4.00651],[-74.1494,4.00839],[-74.14926,4.00929],[-74.14896,4.01025],[-74.14844,4.01104],[-74.14775,4.01167],[-74.14762,4.01279],[-74.14659,4.01649],[-74.14681,4.01831],[-74.14637,4.01917],[-74.14577,4.01985],[-74.14497,4.0203],[-74.14397,4.02031],[-74.14313,4.02065],[-74.14152,4.02311],[-74.14088,4.0238],[-74.13971,4.02529],[-74.13898,4.0259],[-74.13837,4.02659],[-74.13791,4.02741],[-74.13771,4.02829],[-74.13767,4.02921],[-74.13792,4.03008],[-74.13745,4.03093],[-74.13679,4.03155],[-74.13592,4.03193],[-74.13502,4.03216],[-74.13379,4.0336],[-74.1328,4.03531],[-74.13257,4.03621],[-74.132,4.03693],[-74.13199,4.03786],[-74.13149,4.03864],[-74.13084,4.03936],[-74.13045,4.04018],[-74.12994,4.041],[-74.12914,4.04268],[-74.12812,4.04531],[-74.12764,4.04721],[-74.12666,4.04983],[-74.12615,4.05165],[-74.12611,4.05259],[-74.12638,4.05456],[-74.12527,4.05527],[-74.12507,4.05623],[-74.12473,4.05709],[-74.12495,4.058],[-74.12488,4.0608],[-74.12525,4.0617],[-74.12525,4.06259],[-74.12564,4.06348],[-74.12564,4.06443],[-74.12574,4.06539],[-74.12564,4.06629],[-74.12571,4.06809],[-74.12605,4.06923],[-74.12693,4.06923],[-74.12753,4.06999],[-74.12758,4.07089],[-74.12786,4.07184],[-74.12786,4.07293],[-74.12874,4.07294],[-74.12969,4.07453],[-74.13151,4.07672],[-74.13192,4.07756],[-74.13217,4.07843],[-74.13259,4.0793],[-74.13258,4.08019],[-74.13192,4.08198],[-74.13191,4.08286],[-74.13158,4.08371],[-74.13098,4.08464],[-74.13098,4.0855],[-74.13048,4.08635],[-74.13053,4.08821],[-74.13011,4.09002],[-74.13011,4.09098],[-74.12973,4.09184],[-74.12916,4.09256],[-74.12841,4.09317],[-74.12709,4.09479],[-74.12527,4.09535],[-74.1231,4.0964],[-74.12198,4.09663],[-74.12168,4.09799],[-74.12055,4.09738],[-74.11955,4.09798],[-74.11822,4.10031],[-74.11733,4.10034],[-74.11631,4.10054],[-74.11534,4.10093],[-74.11269,4.10162],[-74.10997,4.1022],[-74.10908,4.10251],[-74.10813,4.10252],[-74.1073,4.10293],[-74.10594,4.10459],[-74.10431,4.10549],[-74.10168,4.10644],[-74.10083,4.10644],[-74.0996,4.10784],[-74.0989,4.10847],[-74.09892,4.10939],[-74.0984,4.11014],[-74.09847,4.11102],[-74.09813,4.11198],[-74.09813,4.11283],[-74.09647,4.11521],[-74.09647,4.11608],[-74.09603,4.11689],[-74.09479,4.11825],[-74.09243,4.11984],[-74.09176,4.12122],[-74.09099,4.12175],[-74.09014,4.12175],[-74.08967,4.12257],[-74.0906,4.12268],[-74.09149,4.12268],[-74.09243,4.12297],[-74.09328,4.12297],[-74.09418,4.12262],[-74.09501,4.1222],[-74.09595,4.12232],[-74.09856,4.12355],[-74.09942,4.12355],[-74.10016,4.12421],[-74.10074,4.12491],[-74.10148,4.12551],[-74.10272,4.12694],[-74.10336,4.12821],[-74.10559,4.12983],[-74.10717,4.13082],[-74.1079,4.1314],[-74.10874,4.13141],[-74.10944,4.13244],[-74.1112,4.13322],[-74.11295,4.13365],[-74.11378,4.13413],[-74.11468,4.13413],[-74.11542,4.135],[-74.11628,4.135],[-74.11709,4.13545],[-74.11783,4.13632],[-74.11783,4.13719],[-74.11724,4.13805],[-74.1169,4.139],[-74.11689,4.13987],[-74.11481,4.14187],[-74.1144,4.14271],[-74.11479,4.14532],[-74.11486,4.1463],[-74.11518,4.14815],[-74.11506,4.14915],[-74.11511,4.15197],[-74.11503,4.15295],[-74.11452,4.1548],[-74.11496,4.15565],[-74.11482,4.15662],[-74.11428,4.15738],[-74.11386,4.15819],[-74.11356,4.16005],[-74.11307,4.16084],[-74.11243,4.16149],[-74.11248,4.16245],[-74.11273,4.16332],[-74.11271,4.16425],[-74.11216,4.16504],[-74.1115,4.1657],[-74.11098,4.16646],[-74.11021,4.16816],[-74.10945,4.16865],[-74.10918,4.16952],[-74.10966,4.17234],[-74.1098,4.17518],[-74.11022,4.17702],[-74.11063,4.17784],[-74.11119,4.17857],[-74.11117,4.17958],[-74.11067,4.1804],[-74.11053,4.18131],[-74.11097,4.18214],[-74.11283,4.18231],[-74.11373,4.1822],[-74.1157,4.18257],[-74.11647,4.18206],[-74.11736,4.18226],[-74.11816,4.1818],[-74.11876,4.181],[-74.11959,4.1806],[-74.12147,4.18051],[-74.12217,4.18115],[-74.12306,4.1815],[-74.12355,4.18228],[-74.12333,4.18316],[-74.12337,4.18408],[-74.12382,4.18499],[-74.12455,4.18555],[-74.12526,4.18634],[-74.12578,4.18708],[-74.12569,4.18901],[-74.12522,4.19282],[-74.12439,4.19449],[-74.12447,4.19539],[-74.12521,4.19594],[-74.12613,4.19625],[-74.12794,4.19572],[-74.12868,4.19629],[-74.1295,4.19672],[-74.13103,4.19774],[-74.13256,4.20014],[-74.13329,4.2019],[-74.13345,4.20279],[-74.1332,4.20376],[-74.1335,4.20468],[-74.13536,4.20453],[-74.13588,4.20534],[-74.13652,4.20825],[-74.13698,4.20908],[-74.13687,4.21001],[-74.13644,4.21084],[-74.13714,4.21148],[-74.13775,4.21218],[-74.13825,4.21301],[-74.13895,4.21482],[-74.13903,4.21574],[-74.13849,4.21654],[-74.13893,4.21737],[-74.13931,4.2175],[-74.13917,4.2184],[-74.13844,4.219],[-74.1382,4.21994],[-74.13826,4.2209],[-74.1381,4.22184],[-74.13769,4.22268],[-74.13768,4.22361],[-74.13792,4.2245],[-74.13676,4.22599],[-74.13635,4.22683],[-74.13616,4.22774],[-74.13609,4.22866],[-74.13653,4.22948],[-74.13727,4.23012],[-74.13811,4.23066],[-74.13897,4.23107],[-74.13993,4.23138],[-74.14068,4.23188],[-74.1415,4.2323],[-74.14217,4.23297],[-74.14268,4.23373],[-74.14305,4.23456],[-74.14293,4.2352],[-74.1435,4.23591],[-74.14394,4.23676],[-74.14527,4.24036],[-74.14535,4.24126],[-74.1454,4.24405],[-74.1455,4.24501],[-74.14599,4.24582],[-74.14763,4.2469],[-74.14834,4.24751],[-74.15096,4.25027],[-74.15151,4.25106],[-74.15181,4.25198],[-74.15199,4.2529],[-74.15263,4.2547],[-74.15241,4.25565],[-74.15132,4.25719],[-74.14998,4.25967],[-74.14806,4.26189],[-74.14752,4.26269],[-74.14664,4.26441],[-74.14603,4.26619],[-74.14483,4.26771],[-74.14378,4.2694],[-74.14337,4.27124],[-74.14327,4.27221],[-74.14308,4.2731],[-74.14215,4.27676],[-74.14182,4.27778],[-74.1418,4.27873],[-74.14093,4.27932],[-74.1403,4.28],[-74.13922,4.28146],[-74.13726,4.28342],[-74.13674,4.28425],[-74.13556,4.28576],[-74.13388,4.28817],[-74.13239,4.29173],[-74.13198,4.29365],[-74.13162,4.29452],[-74.13019,4.29718],[-74.12934,4.30002],[-74.12896,4.3009],[-74.12801,4.30259],[-74.12774,4.30352],[-74.12733,4.3044],[-74.12682,4.30517],[-74.12608,4.30576],[-74.12529,4.30626],[-74.1244,4.30666],[-74.12732,4.30652],[-74.12856,4.30584],[-74.13001,4.30574],[-74.13115,4.30599],[-74.1324,4.30612],[-74.13394,4.30576],[-74.13748,4.30425],[-74.13859,4.30335],[-74.14057,4.30206],[-74.14453,4.2988],[-74.14557,4.29775],[-74.14647,4.29659],[-74.14883,4.29429],[-74.151,4.29241],[-74.15182,4.2916],[-74.15345,4.28968],[-74.1543,4.28886],[-74.15504,4.28836],[-74.15627,4.2871],[-74.15733,4.28621],[-74.15796,4.28535],[-74.16049,4.28372],[-74.1627,4.28314],[-74.16387,4.28323],[-74.1651,4.28313],[-74.1672,4.28274],[-74.16845,4.28272],[-74.1699,4.28233],[-74.17125,4.28259],[-74.17247,4.28269],[-74.1761,4.28198],[-74.17805,4.28182],[-74.1835,4.28172],[-74.18545,4.28193],[-74.18634,4.28225],[-74.18771,4.28288],[-74.18823,4.28294],[-74.18865,4.28404],[-74.18912,4.28477],[-74.19071,4.28659],[-74.19198,4.2874],[-74.19476,4.28974],[-74.19497,4.29012],[-74.19543,4.28965],[-74.19704,4.2884],[-74.1979,4.28742],[-74.19865,4.28687],[-74.20019,4.28541],[-74.20065,4.28489],[-74.20196,4.28283],[-74.20215,4.28221],[-74.20243,4.28174],[-74.20292,4.2804],[-74.2035,4.27955],[-74.20419,4.27826],[-74.20436,4.27748],[-74.20494,4.27607],[-74.2053,4.27458],[-74.20538,4.27362],[-74.20553,4.2729],[-74.20545,4.27231],[-74.2055,4.27115],[-74.20584,4.26966]]]}}]}